phase7b_input_hash,task_group,datasets,task_ids,distinct_postfix_input_count,postfix_incompatible,outcome
00f1e2c6b6b437600a9d66e746f224c23c6b4fd53c64f39791efa1043d3df3a4,OEQA,Pizza100;Pizza250,4590;5784,2,false,resolved
153117442841edb4e2d039a70e14765deb1ae38d10ce30993e1757d304a8c4ab,OEQA,FamilyOWL,3699;3700,2,false,resolved
1fe4c49ebbdc3af806ca8d40668698b042351c75b8831dceb1d88269fe4ca8b5,OEQA,Pizza100;Pizza250,4096;5168,2,false,resolved
52751ca28345c1850befe9ce7c38c0b51452950e038ecca207b0c0e0656a71f6,BQA,OWL2Bench,6563;6564,2,false,resolved
97d9481bdd7a39a3f0e632000fb32bb2a376bd04b94453bf40d1291acf08cfb4,OEQA,FamilyOWL,3368;3370;3375,3,false,resolved
9fb52fd56c164d54a3cb3d31cb33a39b338e0de934122052674d63b73ddf76d1,BQA,OWL2Bench,6395;6396,2,false,resolved
aa984aa19f6905c4ac3b3dbbd4f62d795f686a4dd9b2b306ae56bf711c01c94b,OEQA,FamilyOWL,3460;3461,2,false,resolved
b264c3dcef1cb1a723c36b329bcddb9fada72bc7bfbb4411b2fce61e79ba4c34,BQA,OWL2Bench,7916;7917,2,false,resolved
cdb998ae49d3ee6d5c6884a6205fd0f2c84110e23c813911d6ce6f2db32e9227,BQA,OWL2Bench,6417;6418,2,false,resolved
