task,representation,scope,tag_basis,tag,n_unique_questions,n_observations,n_clusters,answer_f1_mean,answer_f1_se_clustered,answer_f1_ci95_low,answer_f1_ci95_high,answer_exact_match_mean,answer_exact_match_se_clustered,answer_exact_match_ci95_low,answer_exact_match_ci95_high
BQA,AR,all,every,D,6032,18096,3016,0.6301945181255526,0.0032668121765903305,0.6237891124977016,0.6365999237534036,0.6301945181255526,0.0032668121765903305,0.6237891124977016,0.6365999237534036
BQA,FS,all,every,D,6032,18096,3016,0.8754420866489832,0.00298738221300235,0.8695845736346661,0.8812995996633002,0.8754420866489832,0.00298738221300235,0.8695845736346661,0.8812995996633002
BQA,NL,all,every,D,6032,18096,3016,0.7089412024756853,0.003579755200156278,0.7019221934644778,0.7159602114868927,0.7089412024756853,0.003579755200156278,0.7019221934644778,0.7159602114868927
OEQA,AR,all,every,D,3016,9048,3016,0.3604842790410739,0.00679688647932748,0.34715727627717796,0.3738112818049698,0.25652077807250223,0.007284615342735983,0.2422374603943516,0.27080409575065284
OEQA,FS,all,every,D,3016,9048,3016,0.6485901811674523,0.006530412571771309,0.6357856674157398,0.6613946949191647,0.5475243147656941,0.008111476566260621,0.5316197280190094,0.5634289015123788
OEQA,NL,all,every,D,3016,9048,3016,0.3113602656158088,0.006353757574212295,0.29890212834807706,0.3238184028835406,0.20634394341290893,0.006320401272747306,0.19395120955057008,0.2187366772752478
BQA,AR,all,every,H,1586,4758,793,0.5798654897015553,0.004578212870543572,0.5708786236533938,0.5888523557497167,0.5798654897015553,0.004578212870543572,0.5708786236533938,0.5888523557497167
BQA,FS,all,every,H,1586,4758,793,0.794661622530475,0.006614773552798144,0.781677061624538,0.807646183436412,0.794661622530475,0.006614773552798144,0.781677061624538,0.807646183436412
BQA,NL,all,every,H,1586,4758,793,0.6509037410676755,0.0057897183004480025,0.6395387337397097,0.6622687483956412,0.6509037410676755,0.0057897183004480025,0.6395387337397097,0.6622687483956412
OEQA,AR,all,every,H,1267,3801,1267,0.24332236486583006,0.006241145322862937,0.23107823895461968,0.2555664907770404,0.10128913443830571,0.006425408459031018,0.08868351381365362,0.1138947550629578
OEQA,FS,all,every,H,1267,3801,1267,0.42151569719384274,0.010431728778906978,0.4010503188004515,0.441981075587234,0.2809786898184688,0.012031510581591479,0.25737479616718467,0.3045825834697529
OEQA,NL,all,every,H,1267,3801,1267,0.18521694362611105,0.005917832791040316,0.17360710503614069,0.1968267822160814,0.05498553012365167,0.004637898305653202,0.045886717665338694,0.06408434258196465
BQA,AR,all,every,I,1520,4560,760,0.5506578947368421,0.0034612735031306907,0.5438630880647369,0.5574527014089473,0.5506578947368421,0.0034612735031306907,0.5438630880647369,0.5574527014089473
BQA,FS,all,every,I,1520,4560,760,0.8934210526315789,0.004525074741251721,0.8845379036935301,0.9023042015696277,0.8934210526315789,0.004525074741251721,0.8845379036935301,0.9023042015696277
BQA,NL,all,every,I,1520,4560,760,0.7026315789473684,0.006878785571630932,0.6891278734309385,0.7161352844637983,0.7026315789473684,0.006878785571630932,0.6891278734309385,0.7161352844637983
OEQA,AR,all,every,I,1051,3153,1051,0.12832035825575264,0.006122820124299938,0.116306002315977,0.14033471419552826,0.03457025055502696,0.004181932863460331,0.02636435377578715,0.04277614733426677
OEQA,FS,all,every,I,1051,3153,1051,0.5486983782487732,0.011575736932796045,0.5259841679743501,0.5714125885231963,0.43418966064065967,0.013120586330890116,0.4084441069386567,0.45993521434266266
OEQA,NL,all,every,I,1051,3153,1051,0.2637847845001668,0.010317534400985031,0.24353945176168676,0.28403011723864685,0.1506501744370441,0.009667905803356164,0.13167955972753162,0.16962078914655657
BQA,AR,all,every,N,78,234,39,0.5,0.013690668280281783,0.47228469103334286,0.5277153089666572,0.5,0.013690668280281783,0.47228469103334286,0.5277153089666572
BQA,FS,all,every,N,78,234,39,0.6025641025641025,0.018985540953817062,0.5641298842584836,0.6409983208697214,0.6025641025641025,0.018985540953817062,0.5641298842584836,0.6409983208697214
BQA,NL,all,every,N,78,234,39,0.6538461538461539,0.007204506242936106,0.6392613934540866,0.6684309142382211,0.6538461538461539,0.007204506242936106,0.6392613934540866,0.6684309142382211
OEQA,AR,all,every,N,42,126,42,0.07015620893666391,0.016723445490245015,0.03638252560217104,0.10392989227115679,0.0,0.0,0.0,0.0
OEQA,FS,all,every,N,42,126,42,0.4298941798941799,0.01491523631316016,0.39977224907593795,0.4600161107124218,0.0,0.0,0.0,0.0
OEQA,NL,all,every,N,42,126,42,0.032255525388690524,0.010267642592323788,0.01151960050364374,0.052991450273737306,0.0,0.0,0.0,0.0
BQA,AR,all,every,R,664,1992,332,0.5160642570281124,0.0046329713268339675,0.5069504759801297,0.5251780380760952,0.5160642570281124,0.0046329713268339675,0.5069504759801297,0.5251780380760952
BQA,FS,all,every,R,664,1992,332,0.8895582329317269,0.007661478585206786,0.8744869032377657,0.904629562625688,0.8895582329317269,0.007661478585206786,0.8744869032377657,0.904629562625688
BQA,NL,all,every,R,664,1992,332,0.6455823293172691,0.008423191308089627,0.6290125912611391,0.6621520673733992,0.6455823293172691,0.008423191308089627,0.6290125912611391,0.6621520673733992
OEQA,AR,all,every,R,640,1920,640,0.12903340170464783,0.005198167574146135,0.1188258464259061,0.13924095698338956,0.0,0.0,0.0,0.0
OEQA,FS,all,every,R,640,1920,640,0.1381708809587099,0.005146366784424363,0.1280650460298848,0.14827671588753502,0.0020833333333333333,0.0014719859851211135,0.0,0.0049738477498727
OEQA,NL,all,every,R,640,1920,640,0.16234972074404638,0.005350905324868972,0.15184223688250784,0.17285720460558493,0.0,0.0,0.0,0.0
BQA,AR,all,every,S,40,120,20,0.7333333333333333,0.028097574347450822,0.6745244343535941,0.7921422323130725,0.7333333333333333,0.028097574347450822,0.6745244343535941,0.7921422323130725
BQA,FS,all,every,S,40,120,20,0.9916666666666667,0.008333333333333333,0.9742247995465978,1.0,0.9916666666666667,0.008333333333333333,0.9742247995465978,1.0
BQA,NL,all,every,S,40,120,20,0.8166666666666667,0.03991950965958861,0.7331141727089647,0.9002191606243686,0.8166666666666667,0.03991950965958861,0.7331141727089647,0.9002191606243686
OEQA,AR,all,every,S,124,372,124,0.1375924000449617,0.019963191434098998,0.09807648664290619,0.17710831344701722,0.021505376344086023,0.010620748351070857,0.0004822561936138649,0.042528496494558185
OEQA,FS,all,every,S,124,372,124,0.22726555105587365,0.024958848831683814,0.1778610401436972,0.2766700619680501,0.04032258064516129,0.013545358271711917,0.013510374479041229,0.06713478681128135
OEQA,NL,all,every,S,124,372,124,0.3005411397957609,0.02439595397870262,0.2522508447312006,0.34883143486032125,0.024193548387096774,0.011560994774684941,0.0013092680922269194,0.047077828681966624
OEQA,AR,all,every,T,10,30,10,0.4173015873015872,0.08075622047481339,0.2346183247094632,0.5999848498937111,0.0,0.0,0.0,0.0
OEQA,FS,all,every,T,10,30,10,0.46369408369408366,0.03468527253214912,0.385230545989936,0.5421576213982313,0.03333333333333333,0.03333333333333334,0.0,0.10873857209513665
OEQA,NL,all,every,T,10,30,10,0.49388888888888877,0.07979934541160544,0.3133702280749571,0.6744075497028204,0.0,0.0,0.0,0.0
OEQA,AR,all,every,F,167,501,167,0.14466685226635914,0.008300216508909974,0.1282792553619987,0.1610544491707196,0.0,0.0,0.0,0.0
OEQA,FS,all,every,F,167,501,167,0.22026423343788612,0.008432151556981746,0.20361614954706736,0.23691231732870488,0.007984031936127744,0.005628532728114332,0.0,0.019096769225850692
OEQA,NL,all,every,F,167,501,167,0.0938791642226877,0.010312052936350277,0.07351948244861221,0.11423884599676319,0.0,0.0,0.0,0.0
OEQA,AR,all,every,J,107,321,107,0.15723585507807608,0.009850668579331269,0.1377059465266783,0.17676576362947385,0.0,0.0,0.0,0.0
OEQA,FS,all,every,J,107,321,107,0.17765348185908933,0.01044053750198071,0.15695410079687877,0.1983528629212999,0.012461059190031152,0.008769638230321881,0.0,0.02984771993165719
OEQA,NL,all,every,J,107,321,107,0.08060120910588202,0.008637838265933853,0.0634758546127452,0.09772656359901884,0.0,0.0,0.0,0.0
OEQA,AR,all,every,V,256,768,256,0.24153676747614194,0.006583415100733745,0.2285719785325622,0.2545015564197217,0.0,0.0,0.0,0.0
OEQA,FS,all,every,V,256,768,256,0.2676277232301081,0.0035470228892925393,0.26064253356272726,0.2746129128974889,0.0,0.0,0.0,0.0
OEQA,NL,all,every,V,256,768,256,0.24815257442210567,0.007341988921586559,0.23369391803510958,0.26261123080910176,0.0,0.0,0.0,0.0
BQA,AR,all,any,D,6032,18096,3016,0.6301945181255526,0.0032668121765903305,0.6237891124977016,0.6365999237534036,0.6301945181255526,0.0032668121765903305,0.6237891124977016,0.6365999237534036
BQA,FS,all,any,D,6032,18096,3016,0.8754420866489832,0.00298738221300235,0.8695845736346661,0.8812995996633002,0.8754420866489832,0.00298738221300235,0.8695845736346661,0.8812995996633002
BQA,NL,all,any,D,6032,18096,3016,0.7089412024756853,0.003579755200156278,0.7019221934644778,0.7159602114868927,0.7089412024756853,0.003579755200156278,0.7019221934644778,0.7159602114868927
OEQA,AR,all,any,D,3016,9048,3016,0.3604842790410739,0.00679688647932748,0.34715727627717796,0.3738112818049698,0.25652077807250223,0.007284615342735983,0.2422374603943516,0.27080409575065284
OEQA,FS,all,any,D,3016,9048,3016,0.6485901811674523,0.006530412571771309,0.6357856674157398,0.6613946949191647,0.5475243147656941,0.008111476566260621,0.5316197280190094,0.5634289015123788
OEQA,NL,all,any,D,3016,9048,3016,0.3113602656158088,0.006353757574212295,0.29890212834807706,0.3238184028835406,0.20634394341290893,0.006320401272747306,0.19395120955057008,0.2187366772752478
BQA,AR,all,any,H,1810,5430,905,0.5701657458563536,0.004130969270031552,0.5620583401199103,0.5782731515927969,0.5701657458563536,0.004130969270031552,0.5620583401199103,0.5782731515927969
BQA,FS,all,any,H,1810,5430,905,0.8182320441988951,0.006184710388474595,0.8060939833216286,0.8303701050761615,0.8182320441988951,0.006184710388474595,0.8060939833216286,0.8303701050761615
BQA,NL,all,any,H,1810,5430,905,0.6646408839779006,0.0054812432016511994,0.6538834419174399,0.6753983260383613,0.6646408839779006,0.0054812432016511994,0.6538834419174399,0.6753983260383613
OEQA,AR,all,any,H,1267,3801,1267,0.24332236486583006,0.006241145322862937,0.23107823895461968,0.2555664907770404,0.10128913443830571,0.006425408459031018,0.08868351381365362,0.1138947550629578
OEQA,FS,all,any,H,1267,3801,1267,0.42151569719384274,0.010431728778906978,0.4010503188004515,0.441981075587234,0.2809786898184688,0.012031510581591479,0.25737479616718467,0.3045825834697529
OEQA,NL,all,any,H,1267,3801,1267,0.18521694362611105,0.005917832791040316,0.17360710503614069,0.1968267822160814,0.05498553012365167,0.004637898305653202,0.045886717665338694,0.06408434258196465
BQA,AR,all,any,I,1520,4560,760,0.5506578947368421,0.0034612735031306907,0.5438630880647369,0.5574527014089473,0.5506578947368421,0.0034612735031306907,0.5438630880647369,0.5574527014089473
BQA,FS,all,any,I,1520,4560,760,0.8934210526315789,0.004525074741251721,0.8845379036935301,0.9023042015696277,0.8934210526315789,0.004525074741251721,0.8845379036935301,0.9023042015696277
BQA,NL,all,any,I,1520,4560,760,0.7026315789473684,0.006878785571630932,0.6891278734309385,0.7161352844637983,0.7026315789473684,0.006878785571630932,0.6891278734309385,0.7161352844637983
OEQA,AR,all,any,I,1051,3153,1051,0.12832035825575264,0.006122820124299938,0.116306002315977,0.14033471419552826,0.03457025055502696,0.004181932863460331,0.02636435377578715,0.04277614733426677
OEQA,FS,all,any,I,1051,3153,1051,0.5486983782487732,0.011575736932796045,0.5259841679743501,0.5714125885231963,0.43418966064065967,0.013120586330890116,0.4084441069386567,0.45993521434266266
OEQA,NL,all,any,I,1051,3153,1051,0.2637847845001668,0.010317534400985031,0.24353945176168676,0.28403011723864685,0.1506501744370441,0.009667905803356164,0.13167955972753162,0.16962078914655657
BQA,AR,all,any,N,78,234,39,0.5,0.013690668280281783,0.47228469103334286,0.5277153089666572,0.5,0.013690668280281783,0.47228469103334286,0.5277153089666572
BQA,FS,all,any,N,78,234,39,0.6025641025641025,0.018985540953817062,0.5641298842584836,0.6409983208697214,0.6025641025641025,0.018985540953817062,0.5641298842584836,0.6409983208697214
BQA,NL,all,any,N,78,234,39,0.6538461538461539,0.007204506242936106,0.6392613934540866,0.6684309142382211,0.6538461538461539,0.007204506242936106,0.6392613934540866,0.6684309142382211
OEQA,AR,all,any,N,42,126,42,0.07015620893666391,0.016723445490245015,0.03638252560217104,0.10392989227115679,0.0,0.0,0.0,0.0
OEQA,FS,all,any,N,42,126,42,0.4298941798941799,0.01491523631316016,0.39977224907593795,0.4600161107124218,0.0,0.0,0.0,0.0
OEQA,NL,all,any,N,42,126,42,0.032255525388690524,0.010267642592323788,0.01151960050364374,0.052991450273737306,0.0,0.0,0.0,0.0
BQA,AR,all,any,R,1336,4008,668,0.5074850299401198,0.0025050148481795998,0.502566365735568,0.5124036941446716,0.5074850299401198,0.0025050148481795998,0.502566365735568,0.5124036941446716
BQA,FS,all,any,R,1336,4008,668,0.8248502994011976,0.006710381749950362,0.8116742838832282,0.838026314919167,0.8248502994011976,0.006710381749950362,0.8116742838832282,0.838026314919167
BQA,NL,all,any,R,1336,4008,668,0.6509481037924152,0.0056335402081752915,0.639886495679796,0.6620097119050343,0.6509481037924152,0.0056335402081752915,0.639886495679796,0.6620097119050343
OEQA,AR,all,any,R,640,1920,640,0.12903340170464783,0.005198167574146135,0.1188258464259061,0.13924095698338956,0.0,0.0,0.0,0.0
OEQA,FS,all,any,R,640,1920,640,0.1381708809587099,0.005146366784424363,0.1280650460298848,0.14827671588753502,0.0020833333333333333,0.0014719859851211135,0.0,0.0049738477498727
OEQA,NL,all,any,R,640,1920,640,0.16234972074404638,0.005350905324868972,0.15184223688250784,0.17285720460558493,0.0,0.0,0.0,0.0
BQA,AR,all,any,S,40,120,20,0.7333333333333333,0.028097574347450822,0.6745244343535941,0.7921422323130725,0.7333333333333333,0.028097574347450822,0.6745244343535941,0.7921422323130725
BQA,FS,all,any,S,40,120,20,0.9916666666666667,0.008333333333333333,0.9742247995465978,1.0,0.9916666666666667,0.008333333333333333,0.9742247995465978,1.0
BQA,NL,all,any,S,40,120,20,0.8166666666666667,0.03991950965958861,0.7331141727089647,0.9002191606243686,0.8166666666666667,0.03991950965958861,0.7331141727089647,0.9002191606243686
OEQA,AR,all,any,S,124,372,124,0.1375924000449617,0.019963191434098998,0.09807648664290619,0.17710831344701722,0.021505376344086023,0.010620748351070857,0.0004822561936138649,0.042528496494558185
OEQA,FS,all,any,S,124,372,124,0.22726555105587365,0.024958848831683814,0.1778610401436972,0.2766700619680501,0.04032258064516129,0.013545358271711917,0.013510374479041229,0.06713478681128135
OEQA,NL,all,any,S,124,372,124,0.3005411397957609,0.02439595397870262,0.2522508447312006,0.34883143486032125,0.024193548387096774,0.011560994774684941,0.0013092680922269194,0.047077828681966624
OEQA,AR,all,any,T,10,30,10,0.4173015873015872,0.08075622047481339,0.2346183247094632,0.5999848498937111,0.0,0.0,0.0,0.0
OEQA,FS,all,any,T,10,30,10,0.46369408369408366,0.03468527253214912,0.385230545989936,0.5421576213982313,0.03333333333333333,0.03333333333333334,0.0,0.10873857209513665
OEQA,NL,all,any,T,10,30,10,0.49388888888888877,0.07979934541160544,0.3133702280749571,0.6744075497028204,0.0,0.0,0.0,0.0
OEQA,AR,all,any,F,167,501,167,0.14466685226635914,0.008300216508909974,0.1282792553619987,0.1610544491707196,0.0,0.0,0.0,0.0
OEQA,FS,all,any,F,167,501,167,0.22026423343788612,0.008432151556981746,0.20361614954706736,0.23691231732870488,0.007984031936127744,0.005628532728114332,0.0,0.019096769225850692
OEQA,NL,all,any,F,167,501,167,0.0938791642226877,0.010312052936350277,0.07351948244861221,0.11423884599676319,0.0,0.0,0.0,0.0
OEQA,AR,all,any,J,107,321,107,0.15723585507807608,0.009850668579331269,0.1377059465266783,0.17676576362947385,0.0,0.0,0.0,0.0
OEQA,FS,all,any,J,107,321,107,0.17765348185908933,0.01044053750198071,0.15695410079687877,0.1983528629212999,0.012461059190031152,0.008769638230321881,0.0,0.02984771993165719
OEQA,NL,all,any,J,107,321,107,0.08060120910588202,0.008637838265933853,0.0634758546127452,0.09772656359901884,0.0,0.0,0.0,0.0
OEQA,AR,all,any,V,256,768,256,0.24153676747614194,0.006583415100733745,0.2285719785325622,0.2545015564197217,0.0,0.0,0.0,0.0
OEQA,FS,all,any,V,256,768,256,0.2676277232301081,0.0035470228892925393,0.26064253356272726,0.2746129128974889,0.0,0.0,0.0,0.0
OEQA,NL,all,any,V,256,768,256,0.24815257442210567,0.007341988921586559,0.23369391803510958,0.26261123080910176,0.0,0.0,0.0,0.0
