task_id,pair_group_id,positive_task_id,positive_semantic_key,positive_row_sha256,dataset,hop,root_entity,subject_iri,predicate_iri,positive_object_iri,invalid_false_object_iri,replacement_object_iri,original_false_query,replacement_query,original_false_nl_question,replacement_nl_question,original_false_ar_question,replacement_ar_question,nl_prompt_hash,fs_prompt_hash,ar_prompt_hash,context_sha256,candidate_policy,expected_gold
9,bqa-b706858fafb128808e8539bd,10,sem-v1.1-cd47cf9e2c5a7e64b926585ee707d7e654bef2c95d43f8c15adbac291c65f28a,bec507cea3e4256721478c30664fd39f5a593bdbee4cbd2707a492071eeac180,Family,1hop,Thing_amanda_usher_1968,http://www.example.com/genealogy.owl#amanda_usher_1968,http://www.w3.org/1999/02/22-rdf-syntax-ns#type,http://www.example.com/genealogy.owl#Woman,http://www.example.com/genealogy.owl#Ancestor,http://www.example.com/genealogy.owl#Man,ASK WHERE { <http://www.example.com/genealogy.owl#amanda_usher_1968> <http://www.w3.org/1999/02/22-rdf-syntax-ns#type> <http://www.example.com/genealogy.owl#Ancestor> },ASK WHERE { <http://www.example.com/genealogy.owl#amanda_usher_1968> <http://www.w3.org/1999/02/22-rdf-syntax-ns#type> <http://www.example.com/genealogy.owl#Man> },Is Amanda Usher a member of Ancestor?,Is Amanda Usher a member of Man?,Is Individual10 a member of Class1?,Is Individual10 a member of Class5?,6193cef71c54dba8d15a705de3d698a47f75938f5972e9be1cb94f0b58e9c2dd,d21fe5e38fac9703096c4b9ac6f2dde80e8633bbb4db5460fd5e382e25dc5df6,bcd8432526f55af18dfeec8fddb838759e5a3868ee9a95d330d83114f3873dbb,d0fbb4687a954782cfab7016f3f249b5ba637afc35a629b11ecc741a7434abda,opposite disjoint peer class,FALSE
11,bqa-e12b73c9980407390095b0e6,12,sem-v1.1-cd507e7741a49b8f030f822a7442600407651cc4c680a7afdb394fa4554a7841,1de6197140e0a2740b616ecbf68dfc40c54055115e7fd64745d27001c4ca1fa0,Family,1hop,Thing_andrew_usher_1965,http://www.example.com/genealogy.owl#andrew_usher_1965,http://www.w3.org/1999/02/22-rdf-syntax-ns#type,http://www.example.com/genealogy.owl#Man,http://www.example.com/genealogy.owl#Ancestor,http://www.example.com/genealogy.owl#Woman,ASK WHERE { <http://www.example.com/genealogy.owl#andrew_usher_1965> <http://www.w3.org/1999/02/22-rdf-syntax-ns#type> <http://www.example.com/genealogy.owl#Ancestor> },ASK WHERE { <http://www.example.com/genealogy.owl#andrew_usher_1965> <http://www.w3.org/1999/02/22-rdf-syntax-ns#type> <http://www.example.com/genealogy.owl#Woman> },Is Andrew Usher a member of Ancestor?,Is Andrew Usher a member of Woman?,Is Individual12 a member of Class1?,Is Individual12 a member of Class9?,91349c822f34642225b791afac7c4bcc9fb2d3d8e0f9d1e6aef57b205155d112,b0bf05a5c670baf811523b4445fcfbd41942dce35318c2febe7333d49a509064,29eefb3360347753589dc539e0063566391719c48b9a1df1ce6731504849bbb7,8d23776bfffccc46fd8abaffab2e7a75faf719667e9831a577a3f616dd2ec580,opposite disjoint peer class,FALSE
47,bqa-59ebc7c81e80bec951520e45,48,sem-v1.1-18dea4a67c79cdc07250848bc432e707317665e9cc5187670df5cdc539d7aeca,395b8861eb089f024eea6d8f1561b9e329068cc98b0e39ea4d23922f78308a07,Family,1hop,Thing_arthur_tuton,http://www.example.com/genealogy.owl#arthur_tuton,http://www.w3.org/1999/02/22-rdf-syntax-ns#type,http://www.example.com/genealogy.owl#Man,http://www.example.com/genealogy.owl#Ancestor,http://www.example.com/genealogy.owl#Woman,ASK WHERE { <http://www.example.com/genealogy.owl#arthur_tuton> <http://www.w3.org/1999/02/22-rdf-syntax-ns#type> <http://www.example.com/genealogy.owl#Ancestor> },ASK WHERE { <http://www.example.com/genealogy.owl#arthur_tuton> <http://www.w3.org/1999/02/22-rdf-syntax-ns#type> <http://www.example.com/genealogy.owl#Woman> },Is Arthur Tuton a member of Ancestor?,Is Arthur Tuton a member of Woman?,Is Individual25 a member of Class1?,Is Individual25 a member of Class9?,f799b5ae7261e97c19c0a9d02fabd94d853fc76d7c131dbb6131ae52ff0b5b3e,488748af28e43dc6955fed67461802890171cb37df64eb0963fb7fff515083da,66a82bca9c6846ddd01dcfca1631f2842815033250e9d6b48cb4a50657712bc4,0cfe9489e93243ee1a57be309f5d573ddcad1fc7037ce0cecadb778759c302a2,opposite disjoint peer class,FALSE
85,bqa-8dd8239c3b2d742db1725b5e,86,sem-v1.1-52bb131a6ff3b954f59c339ccef4e8da46b4342c1779b35cca5810d82aaf0dab,a0426339f521fcd23bc07b76977682a7b171260d879f81cb7dfb55c60d7edb3e,Family,1hop,Thing_celia_pinchbeck_1949,http://www.example.com/genealogy.owl#celia_pinchbeck_1949,http://www.w3.org/1999/02/22-rdf-syntax-ns#type,http://www.example.com/genealogy.owl#Woman,http://www.example.com/genealogy.owl#Ancestor,http://www.example.com/genealogy.owl#Man,ASK WHERE { <http://www.example.com/genealogy.owl#celia_pinchbeck_1949> <http://www.w3.org/1999/02/22-rdf-syntax-ns#type> <http://www.example.com/genealogy.owl#Ancestor> },ASK WHERE { <http://www.example.com/genealogy.owl#celia_pinchbeck_1949> <http://www.w3.org/1999/02/22-rdf-syntax-ns#type> <http://www.example.com/genealogy.owl#Man> },Is Celia Pinchbeck a member of Ancestor?,Is Celia Pinchbeck a member of Man?,Is Individual41 a member of Class1?,Is Individual41 a member of Class5?,8d29c96451b2f3672ce4ecda6b0d1101a5f8ca7f6001f268a873e6e72219bc85,50cc7b360181fad374b8a6c601f7bf053a2e55f2387040c9e76164998466db81,360834174cdfe00c8ce7006ddf8aac064c0cbde12300f22bcc7f91d329e3a41f,edc323f12a94b7ebd356bf07446de469070ff65b456514d114a2c05f4d56658b,opposite disjoint peer class,FALSE
111,bqa-25d56badd6e1100997e26c5f,112,sem-v1.1-4fc7ee7a38f8b1409cf3bb4e391dd9f06ae3e29dce4278a3a9e20ed218e31206,382816ac23a91f6009ef4617ef473f467091131b2a63f6d4f88e1c92511d4d6d,Family,1hop,Thing_charlotte_hewett_1863,http://www.example.com/genealogy.owl#charlotte_hewett_1863,http://www.w3.org/1999/02/22-rdf-syntax-ns#type,http://www.example.com/genealogy.owl#Woman,http://www.example.com/genealogy.owl#Ancestor,http://www.example.com/genealogy.owl#Man,ASK WHERE { <http://www.example.com/genealogy.owl#charlotte_hewett_1863> <http://www.w3.org/1999/02/22-rdf-syntax-ns#type> <http://www.example.com/genealogy.owl#Ancestor> },ASK WHERE { <http://www.example.com/genealogy.owl#charlotte_hewett_1863> <http://www.w3.org/1999/02/22-rdf-syntax-ns#type> <http://www.example.com/genealogy.owl#Man> },Is Charlotte Hewett a member of Ancestor?,Is Charlotte Hewett a member of Man?,Is Individual50 a member of Class1?,Is Individual50 a member of Class5?,a98e8702d22eef26f8979c5c22f70113bfe8c524d4635b42672d00312c48f0a4,31fda8d3914899a7dbad8cbb97f582d55adc002c51dde22c292d8a001660a6d3,400a6227a139e7d88aadb5d0d926cc8d0c35ed620bf5c68569385c26ab372390,18e582454f8c8922acba95a2db5a00284d27eaaf496c1a230b1e842b6d91b596,opposite disjoint peer class,FALSE
165,bqa-66ef264bbc194be2a5459546,166,sem-v1.1-3498a3730779c9b78c4960637cfe2dc3af4300d53b8fbf6cd95ff3855b21ce56,6bccc7030ad61ad0bdd0b4f03024423792134c7c4d4b345edc53e19ae69a1cd8,Family,1hop,Thing_edward_blanchard_1771,http://www.example.com/genealogy.owl#edward_blanchard_1771,http://www.w3.org/1999/02/22-rdf-syntax-ns#type,http://www.example.com/genealogy.owl#Man,http://www.example.com/genealogy.owl#Ancestor,http://www.example.com/genealogy.owl#Woman,ASK WHERE { <http://www.example.com/genealogy.owl#edward_blanchard_1771> <http://www.w3.org/1999/02/22-rdf-syntax-ns#type> <http://www.example.com/genealogy.owl#Ancestor> },ASK WHERE { <http://www.example.com/genealogy.owl#edward_blanchard_1771> <http://www.w3.org/1999/02/22-rdf-syntax-ns#type> <http://www.example.com/genealogy.owl#Woman> },Is Edward Blanchard a member of Ancestor?,Is Edward Blanchard a member of Woman?,Is Individual68 a member of Class1?,Is Individual68 a member of Class9?,ae9c7d2c60d20520c69f21c08801caac6abce50de0bf684f133e9b546c3723e2,b57c7ba945196144a5811bd0c278c54cfb68e7039947383970b68302495b88a5,8139e2699fc4a2c8007d5631c55f6b835df900baa8e54f097175f2ce90bb5b82,46ad093267562f58a52750c58973449c18fddf698d26bc7bdf40214b3367c617,opposite disjoint peer class,FALSE
191,bqa-7f524390be0c1b29b339cd6c,192,sem-v1.1-e7a2dc2c2a39622fef66654f9a57615b842da30b5beb4c4f44386f310fb3adeb,3dc0779af415a91cd5389573ba42b8e71bf192ff9715fec12a75e07de47573d3,Family,1hop,Thing_edward_young_1795,http://www.example.com/genealogy.owl#edward_young_1795,http://www.w3.org/1999/02/22-rdf-syntax-ns#type,http://www.example.com/genealogy.owl#Man,http://www.example.com/genealogy.owl#Ancestor,http://www.example.com/genealogy.owl#Woman,ASK WHERE { <http://www.example.com/genealogy.owl#edward_young_1795> <http://www.w3.org/1999/02/22-rdf-syntax-ns#type> <http://www.example.com/genealogy.owl#Ancestor> },ASK WHERE { <http://www.example.com/genealogy.owl#edward_young_1795> <http://www.w3.org/1999/02/22-rdf-syntax-ns#type> <http://www.example.com/genealogy.owl#Woman> },Is Edward Young 1795 a member of Ancestor?,Is Edward Young 1795 a member of Woman?,Is Individual73 a member of Class1?,Is Individual73 a member of Class9?,99574bf4a66105d88ea30890a3c7096337c3acfed414966a3ca0773c074969ac,6d59caa4d3d88e38f6fec7d84ee2e8d5a311b8728ae80407a2033bd44a55eb25,7f7010614646b3e4f9933c1b9ab00662f808b10c34e9af70fa7d1f6cbd56bfc4,ad4dcba59a990722f51f7badb0c25570a31d1ddafdf918ec0ebb554d4add16b3,opposite disjoint peer class,FALSE
207,bqa-b6640e69386cae7085c5ce9d,208,sem-v1.1-b2dd7d0f6c9f56d1e891e392dd31d8e60f0efe4bac0b42164af0e97978a25311,fd7e9a339d5555fc7eb6b194a48ec6e615212e39f43e644e9a68eb8954d9d1ff,Family,1hop,Thing_eleanor_harsley_1808,http://www.example.com/genealogy.owl#eleanor_harsley_1808,http://www.w3.org/1999/02/22-rdf-syntax-ns#type,http://www.example.com/genealogy.owl#Woman,http://www.example.com/genealogy.owl#Ancestor,http://www.example.com/genealogy.owl#Man,ASK WHERE { <http://www.example.com/genealogy.owl#eleanor_harsley_1808> <http://www.w3.org/1999/02/22-rdf-syntax-ns#type> <http://www.example.com/genealogy.owl#Ancestor> },ASK WHERE { <http://www.example.com/genealogy.owl#eleanor_harsley_1808> <http://www.w3.org/1999/02/22-rdf-syntax-ns#type> <http://www.example.com/genealogy.owl#Man> },Is Eleanor Harsley considered an ancestor?,Is Eleanor Harsley a member of Man?,Is Individual77 a member of Class1?,Is Individual77 a member of Class5?,817cad9ca80f2dac450d9944d19d95c4d7bdcf3b999a6409012e4dccdc348748,826e1c435dad1f997286741263d964953839fd6df37ca6482c57b237f1a537e4,9705fd613f67558366bc6367cbcbbcd1238248f22e6985db4b69fee74f393b40,4b3657a1e37942e6fa7c67c595fa13bdc3a087cde220d009be98ba390735410c,opposite disjoint peer class,FALSE
221,bqa-151f967255ae6568fcfe926a,222,sem-v1.1-a1041e6bae2971e3cc1068571db9ef108dd91b32cf58cb175b362713c6557931,266440ac6cc61e6a7103aa333e1162b1af7defc25a9eac3ee9afe300117d2f28,Family,1hop,Thing_elizabeth_blanchard_1807,http://www.example.com/genealogy.owl#elizabeth_blanchard_1807,http://www.w3.org/1999/02/22-rdf-syntax-ns#type,http://www.example.com/genealogy.owl#Woman,http://www.example.com/genealogy.owl#Ancestor,http://www.example.com/genealogy.owl#Man,ASK WHERE { <http://www.example.com/genealogy.owl#elizabeth_blanchard_1807> <http://www.w3.org/1999/02/22-rdf-syntax-ns#type> <http://www.example.com/genealogy.owl#Ancestor> },ASK WHERE { <http://www.example.com/genealogy.owl#elizabeth_blanchard_1807> <http://www.w3.org/1999/02/22-rdf-syntax-ns#type> <http://www.example.com/genealogy.owl#Man> },Is Elizabeth Blanchard a member of Ancestor?,Is Elizabeth Blanchard a member of Man?,Is Individual84 a member of Class1?,Is Individual84 a member of Class5?,6b04fc95ea57df7b15fe729e065c891036de6799eea50b32b1c655fefd819ede,21816ae94648a9597ff498531d6ef7aa71fb7d92288dc63c91af1965da7f736f,3bf685342a51f3513ee2a690d2843c39face90b1e49c2c8796a225d03196ab59,7d5329cfcc4a2224e1456e469b0838c4320b8095aa0ebf95a6fd1baeaa9233fd,opposite disjoint peer class,FALSE
335,bqa-30a4aa94d2b556a5456ba0ef,336,sem-v1.1-0037da0da30c7ef96dbed838381917eaaf24612e10569808d2b5b81991b9ca4d,6e326b8b86df62eb105519cb5b96cd43a9e695a7fd2dfb4b8092f4c340edffdb,Family,1hop,Thing_hannah_hutchinson_1804,http://www.example.com/genealogy.owl#hannah_hutchinson_1804,http://www.w3.org/1999/02/22-rdf-syntax-ns#type,http://www.example.com/genealogy.owl#Woman,http://www.example.com/genealogy.owl#Ancestor,http://www.example.com/genealogy.owl#Man,ASK WHERE { <http://www.example.com/genealogy.owl#hannah_hutchinson_1804> <http://www.w3.org/1999/02/22-rdf-syntax-ns#type> <http://www.example.com/genealogy.owl#Ancestor> },ASK WHERE { <http://www.example.com/genealogy.owl#hannah_hutchinson_1804> <http://www.w3.org/1999/02/22-rdf-syntax-ns#type> <http://www.example.com/genealogy.owl#Man> },Is Hannah Hutchinson a member of Ancestor?,Is Hannah Hutchinson a member of Man?,Is Individual134 a member of Class1?,Is Individual134 a member of Class5?,fbbe96c83487787e11a2e19c156217041b83ef1e564e56794c93c5a6eaf3583f,ae1bd7f9ebea5fd5b95434799ddd592da907382b332d93c14667031eb4b34c5a,4436c8d2d5e44bfbf887cfd57e3ef4fc5075f7ce8c3e14c08a70349a54097104,6a013a4e06b2aa41443b6cf716f3d1b4600e15d424d5fcb3d23d66a1463fc57a,opposite disjoint peer class,FALSE
347,bqa-7f2db8309f6c8d43fad23bd0,348,sem-v1.1-25added6f3c88edcd305a2dde8b28fa3a0dca5fdcf10efe8e70f2e325db8cf2e,1ded8680ee245f7cbc816bb657ee2b7998b4e926c5ccc03a05450d458b8c533c,Family,1hop,Thing_harriet_ann_young_1825,http://www.example.com/genealogy.owl#harriet_ann_young_1825,http://www.w3.org/1999/02/22-rdf-syntax-ns#type,http://www.example.com/genealogy.owl#Woman,http://www.example.com/genealogy.owl#Ancestor,http://www.example.com/genealogy.owl#Man,ASK WHERE { <http://www.example.com/genealogy.owl#harriet_ann_young_1825> <http://www.w3.org/1999/02/22-rdf-syntax-ns#type> <http://www.example.com/genealogy.owl#Ancestor> },ASK WHERE { <http://www.example.com/genealogy.owl#harriet_ann_young_1825> <http://www.w3.org/1999/02/22-rdf-syntax-ns#type> <http://www.example.com/genealogy.owl#Man> },Is Harriet Ann Young a member of Ancestor?,Is Harriet Ann Young identified as a Man?,Is Individual138 a member of Class1?,Is Individual138 a member of Class5?,0a64baf4b313daa48f3749f6a20b9bdaf9a8b2b45164c5ba1a16f388a7d70fc7,990823c550916ba238d9c0471696f8561931db0112afb67d5676e647b099e9c8,8e7bb37360763b5d8bc4c20524f1c25e071348081ddd35e3bcf2c30568948ab5,47759f2df1194bba764677b6d7e59f0ac74be1efc0ab992e7bbde15e07a96ad2,opposite disjoint peer class,FALSE
355,bqa-cc47d2374993c1f2ce951aa8,356,sem-v1.1-bc80d3ccb39efbd28e24c5ec1563f6d6e7e7f691752854cc3c1588c33c167e22,0acd5d7365b158bb7860b802c7b7a19d632694ced48a9ca15a938bf581b8d3a0,Family,1hop,Thing_harriet_whitefield_1861,http://www.example.com/genealogy.owl#harriet_whitefield_1861,http://www.w3.org/1999/02/22-rdf-syntax-ns#type,http://www.example.com/genealogy.owl#Woman,http://www.example.com/genealogy.owl#Ancestor,http://www.example.com/genealogy.owl#Man,ASK WHERE { <http://www.example.com/genealogy.owl#harriet_whitefield_1861> <http://www.w3.org/1999/02/22-rdf-syntax-ns#type> <http://www.example.com/genealogy.owl#Ancestor> },ASK WHERE { <http://www.example.com/genealogy.owl#harriet_whitefield_1861> <http://www.w3.org/1999/02/22-rdf-syntax-ns#type> <http://www.example.com/genealogy.owl#Man> },Is Harriet Whitefield a member of Ancestor?,Is Harriet Whitefield a member of Man?,Is Individual141 a member of Class1?,Is Individual141 a member of Class5?,c6dd6ed0c7489d9350464dc711edc6c8c7dc3452150e1b718a28259f5ee63b02,a95fbb1405af68513bd6791320ffcb3d1fbb13f610cb670a54b3b2e3b1ba0c14,9c2319b8d7feff785ac53394b6cc7cfc3dc38e590ea2b58c4dcfbf9f4a5298db,213ce2fb815a76040e117c90afff19c34a515c3b7bccda467a06a9ce62ef4394,opposite disjoint peer class,FALSE
381,bqa-130cd27576f1cd01c9807ff2,382,sem-v1.1-0e6512c86a0ddf27fe94908804c0837c066bdee1aa0295ebc0f044da5712a841,525176d5fa843fcd36669d3647726d59178213d80f52b12062983e646f2f5139,Family,1hop,Thing_henry_edmund_bright_1862,http://www.example.com/genealogy.owl#henry_edmund_bright_1862,http://www.w3.org/1999/02/22-rdf-syntax-ns#type,http://www.example.com/genealogy.owl#Man,http://www.example.com/genealogy.owl#Ancestor,http://www.example.com/genealogy.owl#Woman,ASK WHERE { <http://www.example.com/genealogy.owl#henry_edmund_bright_1862> <http://www.w3.org/1999/02/22-rdf-syntax-ns#type> <http://www.example.com/genealogy.owl#Ancestor> },ASK WHERE { <http://www.example.com/genealogy.owl#henry_edmund_bright_1862> <http://www.w3.org/1999/02/22-rdf-syntax-ns#type> <http://www.example.com/genealogy.owl#Woman> },Is Henry Edmund Bright 1862 a member of Ancestor?,Is Henry Edmund Bright 1862 a member of Woman?,Is Individual149 a member of Class1?,Is Individual149 a member of Class9?,401640372ba10682cf22b5c6637d877116702d6251bb1063991312de13bad5b7,d9682fb2b6904523160b9431d717a11d5355cb6da083ecd998cdc6f355fdee47,be133c15c52ae528d4c8028d9537d5f2f7847930230e65339ab57541a9e08e49,6ac8a3c320b1ada234d0eed5c1bbfa847049b6f28a1d1e581563811a880cf349,opposite disjoint peer class,FALSE
415,bqa-07fd59e85d8126d17c8efb76,416,sem-v1.1-fe4390a45e91717755e1e1fd5ffc5783b81d2ebff5aa53556b5279dea4aef404,5e0f70e49d81e493f3a51f4c4466ed0c19f1bb54a580ff2b26ea5c3d701035e8,Family,1hop,Thing_humphrey_archer_1726,http://www.example.com/genealogy.owl#humphrey_archer_1726,http://www.w3.org/1999/02/22-rdf-syntax-ns#type,http://www.example.com/genealogy.owl#Man,http://www.example.com/genealogy.owl#Ancestor,http://www.example.com/genealogy.owl#Woman,ASK WHERE { <http://www.example.com/genealogy.owl#humphrey_archer_1726> <http://www.w3.org/1999/02/22-rdf-syntax-ns#type> <http://www.example.com/genealogy.owl#Ancestor> },ASK WHERE { <http://www.example.com/genealogy.owl#humphrey_archer_1726> <http://www.w3.org/1999/02/22-rdf-syntax-ns#type> <http://www.example.com/genealogy.owl#Woman> },Is Humphrey Archer a member of Ancestor?,Is Humphrey Archer a member of Woman?,Is Individual160 a member of Class1?,Is Individual160 a member of Class9?,2743342c5e578973d51ce35a515d68f9899dcfc8b835195f8f67916790b9849c,dfb3d96c79f12ccfec4a7f0a83406fe9ccfe1cdb533c146aac2c721fd05d6fda,1783214201920a42dde5fd738b8dc7c6a0bbac3a7e0f5918f14d9202968c49cf,72c05628dd1a48c4cb9871bb57443d910ff4f289e760398854bf09427385c733,opposite disjoint peer class,FALSE
443,bqa-aa774fa647780894d4f376e4,444,sem-v1.1-ea707f378a7148dee5afc5b0ee701a934f2a3323a7a2a6f5acc864e62d802d5f,6d5b09e27a2823724c2f0831a9880b2fe53f9411780846a1a9488cbb36d56c98,Family,1hop,Thing_james_bright_1761,http://www.example.com/genealogy.owl#james_bright_1761,http://www.w3.org/1999/02/22-rdf-syntax-ns#type,http://www.example.com/genealogy.owl#Man,http://www.example.com/genealogy.owl#Ancestor,http://www.example.com/genealogy.owl#Woman,ASK WHERE { <http://www.example.com/genealogy.owl#james_bright_1761> <http://www.w3.org/1999/02/22-rdf-syntax-ns#type> <http://www.example.com/genealogy.owl#Ancestor> },ASK WHERE { <http://www.example.com/genealogy.owl#james_bright_1761> <http://www.w3.org/1999/02/22-rdf-syntax-ns#type> <http://www.example.com/genealogy.owl#Woman> },Is James Bright 1761 a member of Ancestor?,Is James Bright 1761 a member of Woman?,Is Individual172 a member of Class1?,Is Individual172 a member of Class9?,21d5a2f390c79cab6f0ad0436eb8b413eaadb780919f5948c62b4f90e9b1f07b,c9d3caa7affaceb8753cbbc9c309fc6de35e5fc9b6bb068656d3af975972e9b6,bcaa0c9f73645993a5f04092493fce8d89475afd84f61541d3f21ca71f6cc827,81ee67758075ed7f9b437f423533029b141c860e09ab2fb9adcd95dbcf9ac80f,opposite disjoint peer class,FALSE
445,bqa-ff31d1b149f547ab18c3e664,446,sem-v1.1-1eb31e51b354ed9627aca174c08b5e72a322b3d0e44ef73500dc5068d8bd44de,d52bbfb157c4a4bb2ce11a901a91d6bb1c08f23ce655788d097482c99a15dfb8,Family,1hop,Thing_james_bright_1787,http://www.example.com/genealogy.owl#james_bright_1787,http://www.w3.org/1999/02/22-rdf-syntax-ns#type,http://www.example.com/genealogy.owl#Man,http://www.example.com/genealogy.owl#Ancestor,http://www.example.com/genealogy.owl#Woman,ASK WHERE { <http://www.example.com/genealogy.owl#james_bright_1787> <http://www.w3.org/1999/02/22-rdf-syntax-ns#type> <http://www.example.com/genealogy.owl#Ancestor> },ASK WHERE { <http://www.example.com/genealogy.owl#james_bright_1787> <http://www.w3.org/1999/02/22-rdf-syntax-ns#type> <http://www.example.com/genealogy.owl#Woman> },Is James Bright 1787 a member of Ancestor?,Is James Bright 1787 a member of Woman?,Is Individual173 a member of Class1?,Is Individual173 a member of Class9?,0ba415d6106b5b7446136c35d4d95447940e67d1267c2cee5c6c8af86db238cd,7020ef09c0fd992da53df9d8a90a9d4e903f02a2e840ae210fd87563fc5a3335,828840f495521827fa6e70b5c0de23c1c912be10855f57cb70ac6e04e5c063d8,f7cc2797c4b743e37de54be715b8d263e0726fc76b04e9cfe56dcf9e54b01b52,opposite disjoint peer class,FALSE
461,bqa-c89275c3c4c41ac2c310c863,462,sem-v1.1-af3def3bc581f357596683d3d305a5437d5370ffc9268fbb6a980b5f043e20d0,80586e91aba5058e5f8e7cb53f0c3de4575446434732157227576b8ebc20ab73,Family,1hop,Thing_james_dickens_1774,http://www.example.com/genealogy.owl#james_dickens_1774,http://www.w3.org/1999/02/22-rdf-syntax-ns#type,http://www.example.com/genealogy.owl#Man,http://www.example.com/genealogy.owl#Ancestor,http://www.example.com/genealogy.owl#Woman,ASK WHERE { <http://www.example.com/genealogy.owl#james_dickens_1774> <http://www.w3.org/1999/02/22-rdf-syntax-ns#type> <http://www.example.com/genealogy.owl#Ancestor> },ASK WHERE { <http://www.example.com/genealogy.owl#james_dickens_1774> <http://www.w3.org/1999/02/22-rdf-syntax-ns#type> <http://www.example.com/genealogy.owl#Woman> },Is James Dickens a member of Ancestor?,Is James Dickens a member of Woman?,Is Individual177 a member of Class1?,Is Individual177 a member of Class9?,ce8a2cd79116bf0f97e6c2a69698afcdc00a25e2e32f6d96a4c298288278eb2b,409e931fb1937cd48e7157a01ccaac621d1ddef6a20b16ea91069d8029a0e26a,52f5f65d69cfb6a8c969dced1c6456796a5eaebb39be9435f8815b715bb3f95b,08aefa34f6d7c4a0c714fdb159bd7c0fe987886a532abda418c7b0f71b04ead7,opposite disjoint peer class,FALSE
465,bqa-f980fd99dc92d6bf3bed5da2,466,sem-v1.1-40db441889189908240e710065fa79bfce3ef89a9d7e92983abcae8abe7df969,de8b3a8950c0a35d41e7d2cdd5193d2bb00edb3f71508e7c73516985c8ad4750,Family,1hop,Thing_james_frank_hayden_bright_1891,http://www.example.com/genealogy.owl#james_frank_hayden_bright_1891,http://www.w3.org/1999/02/22-rdf-syntax-ns#type,http://www.example.com/genealogy.owl#Man,http://www.example.com/genealogy.owl#Ancestor,http://www.example.com/genealogy.owl#Woman,ASK WHERE { <http://www.example.com/genealogy.owl#james_frank_hayden_bright_1891> <http://www.w3.org/1999/02/22-rdf-syntax-ns#type> <http://www.example.com/genealogy.owl#Ancestor> },ASK WHERE { <http://www.example.com/genealogy.owl#james_frank_hayden_bright_1891> <http://www.w3.org/1999/02/22-rdf-syntax-ns#type> <http://www.example.com/genealogy.owl#Woman> },Is James Frank Hayden Bright a member of Ancestor?,Is James Frank Hayden Bright a Woman?,Is Individual178 a member of Class1?,Is Individual178 a member of Class9?,acdc0048fdc1ad4a077898e2eac4e3be2d511b119ec16248d7481fe0710dc84a,3a83ba338141a2f40e7ada46ca6d158ccfe17d9d031755a39d6be51a784dd003,c17c2f89234523180a1fc4d4ca9deb791ca44582f39591e0bc054d6b41781816,09d84ae059312ae8d15b9e84df1eca36c3117921cfb2483f7368d9b814d16e86,opposite disjoint peer class,FALSE
471,bqa-72da7b5865c628803bd77078,472,sem-v1.1-3532f9e92983c2c0dd1c0a6dc750df4e1d7318d90263cd2120bc0029329ea2ab,86324a1c72459a4bba3631bcf2e6dd1d06343a44a747a1750998995b3b37355b,Family,1hop,Thing_james_hewett_1815,http://www.example.com/genealogy.owl#james_hewett_1815,http://www.w3.org/1999/02/22-rdf-syntax-ns#type,http://www.example.com/genealogy.owl#Man,http://www.example.com/genealogy.owl#Ancestor,http://www.example.com/genealogy.owl#Woman,ASK WHERE { <http://www.example.com/genealogy.owl#james_hewett_1815> <http://www.w3.org/1999/02/22-rdf-syntax-ns#type> <http://www.example.com/genealogy.owl#Ancestor> },ASK WHERE { <http://www.example.com/genealogy.owl#james_hewett_1815> <http://www.w3.org/1999/02/22-rdf-syntax-ns#type> <http://www.example.com/genealogy.owl#Woman> },Is James Hewett 1815 a member of Ancestor?,Is James Hewett 1815 a member of Woman?,Is Individual179 a member of Class1?,Is Individual179 a member of Class9?,eb89003b1f5e86e5f3b29802f048c28390d2c5ccce7efe5f254892d528a7e5eb,879f06f5fe79bcdf204285690764895e43f3d412f5de285435b2c74bdb129c31,955889a217c42ea3c54d3ed64d8f4bebdd7b02ea705469ceb730525a73703eb7,4d056ea5c5ff26186f4f7c37f28cb5dc09aa2efcc7bccd34f343ac7256607ed5,opposite disjoint peer class,FALSE
511,bqa-f737cd6382f8ddc03b6372d2,512,sem-v1.1-0672fb1a8074b2fbf622cc7567674b6197ae3212a48b427f1ab69615f743b518,5f25d1db2b4ce5a439160b9a00f6f331c8fe19c9b831e29b7e524338c172f14b,Family,1hop,Thing_james_steward_1830,http://www.example.com/genealogy.owl#james_steward_1830,http://www.w3.org/1999/02/22-rdf-syntax-ns#type,http://www.example.com/genealogy.owl#Man,http://www.example.com/genealogy.owl#Ancestor,http://www.example.com/genealogy.owl#Woman,ASK WHERE { <http://www.example.com/genealogy.owl#james_steward_1830> <http://www.w3.org/1999/02/22-rdf-syntax-ns#type> <http://www.example.com/genealogy.owl#Ancestor> },ASK WHERE { <http://www.example.com/genealogy.owl#james_steward_1830> <http://www.w3.org/1999/02/22-rdf-syntax-ns#type> <http://www.example.com/genealogy.owl#Woman> },Is James Steward 1830 a member of Ancestor?,Is James Steward 1830 a member of Woman?,Is Individual190 a member of Class1?,Is Individual190 a member of Class9?,2bb99a50958a091763e4b4ef0d2f9d8afb4cff396cb2b50972f0843b94629823,a6f8bb7fe70a338d338a6f2a2bdec4f9719ec76a82f6d59cd21934e898d8b139,e3d299647c508e4db63a37e938978c04bf5ca7283a24678a9faefedeec63b5e8,55009d33ef0b3f6dcc7b51a528ca8c68398e74da58d1c8d9e159522fa8a287cc,opposite disjoint peer class,FALSE
519,bqa-8d0c86b53164040dbc78c090,520,sem-v1.1-047a0e54ac8da1e8ff6d51a1960f02b98161ceeb048988c3296173fe1f14ebbc,4a004731d45198e39c8515276282a4375be8eba66647adca8e22ec9dab99bcf3,Family,1hop,Thing_james_whitfield_1792,http://www.example.com/genealogy.owl#james_whitfield_1792,http://www.w3.org/1999/02/22-rdf-syntax-ns#type,http://www.example.com/genealogy.owl#Man,http://www.example.com/genealogy.owl#Ancestor,http://www.example.com/genealogy.owl#Woman,ASK WHERE { <http://www.example.com/genealogy.owl#james_whitfield_1792> <http://www.w3.org/1999/02/22-rdf-syntax-ns#type> <http://www.example.com/genealogy.owl#Ancestor> },ASK WHERE { <http://www.example.com/genealogy.owl#james_whitfield_1792> <http://www.w3.org/1999/02/22-rdf-syntax-ns#type> <http://www.example.com/genealogy.owl#Woman> },Is James Whitfield 1792 a member of Ancestor?,Is James Whitfield 1792 a member of Woman?,Is Individual192 a member of Class1?,Is Individual192 a member of Class9?,d140bf661283ba06c3dd771e0ef8880cf08b8ae2fa6e73a3f22d87277a09b1ac,e359b903cfa0dde419717651bea49576c80c429d25af107d18d91826c4f425d8,42a58c68802f21328cd94f97c93edded2e149eb7e9189c5e55aeb84b59f31e38,555b6972e3a6cd1bf29da2fd2cd7cec58c07f4ad23f69d37eb47dc4685fb2a94,opposite disjoint peer class,FALSE
557,bqa-ee9fcd922037d655a85fa253,558,sem-v1.1-2636388977d2b162b3a1fc4806e6219f4f89d3286d7210f6c023ac16edd46417,94d7ec0848be4c0925599fa082660586600c6e37aaa115ed6160a7b041fca9ee,Family,1hop,Thing_john_archer_1835,http://www.example.com/genealogy.owl#john_archer_1835,http://www.w3.org/1999/02/22-rdf-syntax-ns#type,http://www.example.com/genealogy.owl#Man,http://www.example.com/genealogy.owl#Ancestor,http://www.example.com/genealogy.owl#Woman,ASK WHERE { <http://www.example.com/genealogy.owl#john_archer_1835> <http://www.w3.org/1999/02/22-rdf-syntax-ns#type> <http://www.example.com/genealogy.owl#Ancestor> },ASK WHERE { <http://www.example.com/genealogy.owl#john_archer_1835> <http://www.w3.org/1999/02/22-rdf-syntax-ns#type> <http://www.example.com/genealogy.owl#Woman> },Is John Archer 1835 a member of Ancestor?,Is John Archer 1835 a member of Woman?,Is Individual208 a member of Class1?,Is Individual208 a member of Class9?,8b8ec713421e76379e2d753c7fc6259aea5b097a9503604f90afeb32895a7237,7e8f453882dd61f6b48f163e1b1c18e750b626a44ff08cb1040ac98edd69a4a9,ce58449c19b3fee71b0cd030eceeb687e1e3a074ae1da837d8d93b68b5745239,80ff5b21d648b60cadcd776e6a74775d2c421663c39f0a27123dacf9dc72c7f3,opposite disjoint peer class,FALSE
567,bqa-412f6f17f7f666dc12d93041,568,sem-v1.1-794b0c24cf4703f5dc8b18af838c1459f00baa1756cfaa6d9f8fa7896eb41e97,c1696db33ce04be448bb3d33d6745a71d66d4f719676dc0c67265ea852bda079,Family,1hop,Thing_john_bright_1930,http://www.example.com/genealogy.owl#john_bright_1930,http://www.w3.org/1999/02/22-rdf-syntax-ns#type,http://www.example.com/genealogy.owl#Man,http://www.example.com/genealogy.owl#Ancestor,http://www.example.com/genealogy.owl#Woman,ASK WHERE { <http://www.example.com/genealogy.owl#john_bright_1930> <http://www.w3.org/1999/02/22-rdf-syntax-ns#type> <http://www.example.com/genealogy.owl#Ancestor> },ASK WHERE { <http://www.example.com/genealogy.owl#john_bright_1930> <http://www.w3.org/1999/02/22-rdf-syntax-ns#type> <http://www.example.com/genealogy.owl#Woman> },Is John Bright a member of Ancestor?,Is John Bright a member of Woman?,Is Individual209 a member of Class1?,Is Individual209 a member of Class9?,9ed4995f9a0525ad45f5e2534897eca6c03ef2815ee1cf1975fc326865da63c5,288ff01e2424b1c6bba3d5c9025e86fab873438cea608ad1a04406f2b6486a41,1e8e06a31624be0f9c1cf369b8e17ee3ee2d44cc1c0a81244fbb79971f5edb81,29d2b46035fabad61f693de356b7deb530a30ed4426df8b5f5258f9785cbe58f,opposite disjoint peer class,FALSE
641,bqa-7b8f7ea92f2cb115da7c95b9,642,sem-v1.1-5c1e06bbe2c8c4cddcb821db53fb10c10672053e6c61d85a7f102325ec03c6c8,7e44fa3cb138efca634d4bc47576171fdbea8a7c9401d0d071f3909a55795cba,Family,1hop,Thing_julie_bright_1966,http://www.example.com/genealogy.owl#julie_bright_1966,http://www.w3.org/1999/02/22-rdf-syntax-ns#type,http://www.example.com/genealogy.owl#Woman,http://www.example.com/genealogy.owl#Ancestor,http://www.example.com/genealogy.owl#Man,ASK WHERE { <http://www.example.com/genealogy.owl#julie_bright_1966> <http://www.w3.org/1999/02/22-rdf-syntax-ns#type> <http://www.example.com/genealogy.owl#Ancestor> },ASK WHERE { <http://www.example.com/genealogy.owl#julie_bright_1966> <http://www.w3.org/1999/02/22-rdf-syntax-ns#type> <http://www.example.com/genealogy.owl#Man> },Is Julie Bright considered an ancestor?,Is Julie Bright a member of Man?,Is Individual239 a member of Class1?,Is Individual239 a member of Class5?,0740e1de2d0cda85542daf0e8272dee32b14628d81a0ed55eba28f84b6f26f5e,30d4f01702b08e6ec5a7cbb222f8d61957e09f76a10dae723d871fc10d1635d7,09386252500957a82c680f19032d66c60d97c36784892de85764b79e00cdbdb8,3bcaac01108e740805a1ff36c10ad3c840cf7679be6543996243d1934588a4f4,opposite disjoint peer class,FALSE
823,bqa-f46a76c6213b41711201f424,824,sem-v1.1-8e35164236a11d69f2c768a9771ba7056dcd3c1bdef4780c2b23cfd8d77221b1,7574420978bc974628ff7eb21a10fb68007220e4e04539b3b97741fdf9de16d9,Family,1hop,Thing_mark_anthony_heath_1960,http://www.example.com/genealogy.owl#mark_anthony_heath_1960,http://www.w3.org/1999/02/22-rdf-syntax-ns#type,http://www.example.com/genealogy.owl#Man,http://www.example.com/genealogy.owl#Ancestor,http://www.example.com/genealogy.owl#Woman,ASK WHERE { <http://www.example.com/genealogy.owl#mark_anthony_heath_1960> <http://www.w3.org/1999/02/22-rdf-syntax-ns#type> <http://www.example.com/genealogy.owl#Ancestor> },ASK WHERE { <http://www.example.com/genealogy.owl#mark_anthony_heath_1960> <http://www.w3.org/1999/02/22-rdf-syntax-ns#type> <http://www.example.com/genealogy.owl#Woman> },Is Mark Anthony Heath considered an ancestor?,Is Mark Anthony Heath a member of Woman?,Is Individual333 a member of Class1?,Is Individual333 a member of Class9?,e3cf8cc1c8d8f794cca9bba38c0c4c2dc3c689ac2746c3a7859ae0e5582f1337,b048d2ffe3ef81dc0f3ad7e921f07897accc50a9cae09d8ffbecc757b3c8302c,530beca65d4fe2a2cdf442c2bb8edafa9f21c13692c0933f2ccc1eb9938fbf9b,4a0e8b9cd3c15e5a4cf7c824f03add0b9a6b80f4e09a978e0645d2f3c49f3684,opposite disjoint peer class,FALSE
847,bqa-cbedbe6163ea5846201da16c,848,sem-v1.1-d3d858bde06e43824ada2a606ba0b90350695888fb1a9c7aabe845f1328b7f84,e29588566b5e130b9d400ada7b4c2ae45984a32989f836301394211561b735d1,Family,1hop,Thing_martha_stafford_1814,http://www.example.com/genealogy.owl#martha_stafford_1814,http://www.w3.org/1999/02/22-rdf-syntax-ns#type,http://www.example.com/genealogy.owl#Woman,http://www.example.com/genealogy.owl#Ancestor,http://www.example.com/genealogy.owl#Man,ASK WHERE { <http://www.example.com/genealogy.owl#martha_stafford_1814> <http://www.w3.org/1999/02/22-rdf-syntax-ns#type> <http://www.example.com/genealogy.owl#Ancestor> },ASK WHERE { <http://www.example.com/genealogy.owl#martha_stafford_1814> <http://www.w3.org/1999/02/22-rdf-syntax-ns#type> <http://www.example.com/genealogy.owl#Man> },Is Martha Stafford a member of Ancestor?,Is Martha Stafford a member of Man?,Is Individual339 a member of Class1?,Is Individual339 a member of Class5?,6347f5560e131245b15e60e4baa6ab5177661ef6671f2db225461e206feb6e33,3544b58af55584b616cea5cbfcbb4f0dda8e0c2d92b03d0506a198fc730b6fd8,e8634f14b8953e98924dd6263127413392325692c77c4c15537ed10e1a8a3d40,d7e47d165ebaf8c78c2202bff94d2e3e0c24d19034d5f9e7bb57fa1b6e74d984,opposite disjoint peer class,FALSE
897,bqa-54d13d30a0f7b042719ee6e8,898,sem-v1.1-5b656d127fbeb16927b43372c861e10e13b4cd8c54f8a2fe9575315ed4d63304,e50547adb4433a528b09d8f9853ad255b991cee5059321437c72c7ab95da071f,Family,1hop,Thing_mary_frankish,http://www.example.com/genealogy.owl#mary_frankish,http://www.w3.org/1999/02/22-rdf-syntax-ns#type,http://www.example.com/genealogy.owl#Woman,http://www.example.com/genealogy.owl#Ancestor,http://www.example.com/genealogy.owl#Man,ASK WHERE { <http://www.example.com/genealogy.owl#mary_frankish> <http://www.w3.org/1999/02/22-rdf-syntax-ns#type> <http://www.example.com/genealogy.owl#Ancestor> },ASK WHERE { <http://www.example.com/genealogy.owl#mary_frankish> <http://www.w3.org/1999/02/22-rdf-syntax-ns#type> <http://www.example.com/genealogy.owl#Man> },Is Mary Frankish considered an ancestor?,Is Mary Frankish a Man?,Is Individual358 a member of Class1?,Is Individual358 a member of Class5?,d4e36fab4bbe84906571997401ca19635af19a4fcc9beb16fe78f01965d9cbb0,ab422d4ed8deb1af26ffc1d2a4b08699138f443fabf93c0293acb8c776b7ab00,0f0d40a90b76fa71ba89a06b5a531e9a592b97af4401b00dde8fc1c31a926f99,3995729461835619b8d0b4336fd8098feb914f45cf81fb40a8adec8fa0834f62,opposite disjoint peer class,FALSE
967,bqa-5dbe37911093fb2c60eb190b,968,sem-v1.1-6a099932b031ea2ac81f6c3fbf541c53b8362451f8b36f68361e2c1203079afd,0db23ddda54c63c106fc8a89dc2bf46133def69cd6639393c17419ca180c254e,Family,1hop,Thing_priscilla_saunders_1810,http://www.example.com/genealogy.owl#priscilla_saunders_1810,http://www.w3.org/1999/02/22-rdf-syntax-ns#type,http://www.example.com/genealogy.owl#Woman,http://www.example.com/genealogy.owl#Ancestor,http://www.example.com/genealogy.owl#Man,ASK WHERE { <http://www.example.com/genealogy.owl#priscilla_saunders_1810> <http://www.w3.org/1999/02/22-rdf-syntax-ns#type> <http://www.example.com/genealogy.owl#Ancestor> },ASK WHERE { <http://www.example.com/genealogy.owl#priscilla_saunders_1810> <http://www.w3.org/1999/02/22-rdf-syntax-ns#type> <http://www.example.com/genealogy.owl#Man> },Is Priscilla Saunders a member of Ancestor?,Is Priscilla Saunders a member of Man?,Is Individual391 a member of Class1?,Is Individual391 a member of Class5?,aee0f200c6bfc8a7962a65b623a22755124332101b6497c226abb3d84d9e47cd,38d42f4e90018d47c6f0df2696c0047f07ed75280dc6096ade68a7b59fef436a,06d293d5a4b354893e3b5b383c13bfedd73934eac5686d143b264aedfbde8591,b6ea4f4536cd81d2d39cddc7512edb611444618e9475401d289c18bca02b86e8,opposite disjoint peer class,FALSE
989,bqa-9dc26906e7d761b1385634c1,990,sem-v1.1-550b3a07d99e44db456832a82c82f7f88c07be499fa5a4187962f863caaaed77,7164d26bec2913ab1b330f10479da75169ee4e7899f5c84ccb0e96a4e993fc3d,Family,1hop,Thing_rebecca_wife_of_james_stafford,http://www.example.com/genealogy.owl#rebecca_wife_of_james_stafford,http://www.w3.org/1999/02/22-rdf-syntax-ns#type,http://www.example.com/genealogy.owl#Woman,http://www.example.com/genealogy.owl#Ancestor,http://www.example.com/genealogy.owl#Man,ASK WHERE { <http://www.example.com/genealogy.owl#rebecca_wife_of_james_stafford> <http://www.w3.org/1999/02/22-rdf-syntax-ns#type> <http://www.example.com/genealogy.owl#Ancestor> },ASK WHERE { <http://www.example.com/genealogy.owl#rebecca_wife_of_james_stafford> <http://www.w3.org/1999/02/22-rdf-syntax-ns#type> <http://www.example.com/genealogy.owl#Man> },Is Rebecca Wife Of James Stafford a member of Ancestor?,Is Rebecca Wife Of James Stafford a member of Man?,Is Individual401 a member of Class1?,Is Individual401 a member of Class5?,22a330c9cb0ae78f8c5a23c81270c018968f509f16cf1389ac2f7cd02a376461,8ae891c9b86bfe6d609a61f4eb13e40df2f7836dc0915124ca18e87c84a5befe,d4e27413315b7b949300beea4f87011520190893de86972ffc7a872e7bdb0ec6,404ce343ed504e00d330c33c6ed0a8a478021d96714e61b15482e308219b43cc,opposite disjoint peer class,FALSE
1115,bqa-e9ed219cb8aa183d13a7f379,1116,sem-v1.1-298e94215eb47846bf1b9ad6d439a71e4b00fb2654f148ff319b58b2fe02149a,eb3575886007c136b97b4efcc5261d6914964f143cf1e993864f2aba99c49119,Family,1hop,Thing_susannah_tacey_1834,http://www.example.com/genealogy.owl#susannah_tacey_1834,http://www.w3.org/1999/02/22-rdf-syntax-ns#type,http://www.example.com/genealogy.owl#Woman,http://www.example.com/genealogy.owl#Ancestor,http://www.example.com/genealogy.owl#Man,ASK WHERE { <http://www.example.com/genealogy.owl#susannah_tacey_1834> <http://www.w3.org/1999/02/22-rdf-syntax-ns#type> <http://www.example.com/genealogy.owl#Ancestor> },ASK WHERE { <http://www.example.com/genealogy.owl#susannah_tacey_1834> <http://www.w3.org/1999/02/22-rdf-syntax-ns#type> <http://www.example.com/genealogy.owl#Man> },Is Susannah Tacey a member of Ancestor?,Is Susannah Tacey a member of Man?,Is Individual451 a member of Class1?,Is Individual451 a member of Class5?,8037ba98407548901366ca08fe26d0b5cceefcfd9711f616dbf71d646d8c8da8,0551ab59f161f4f4edfc6281fb811c89d7b7f312e1a20c748fbd8cc5c25d9fd9,1dc9cf15b09469f5b43b3fc2fd8103c85be398afe84c5ec5b3322c4138c68a5a,1ba01f4f8a5ce2f5071178cd2d61638378b72e4f5520ebe6429456b64dfe92e6,opposite disjoint peer class,FALSE
1147,bqa-7c9925eaa8f3518369fb31b0,1148,sem-v1.1-f36f1e18f66446045c59a54943f68aefb160bd5bf0fe9be55cee600db82fdb2f,9c1f243e04463809cd6107b626ae2a5ca67e82eb53a2983679d9d96428232810,Family,1hop,Thing_thomas_tacey_1806,http://www.example.com/genealogy.owl#thomas_tacey_1806,http://www.w3.org/1999/02/22-rdf-syntax-ns#type,http://www.example.com/genealogy.owl#Man,http://www.example.com/genealogy.owl#Ancestor,http://www.example.com/genealogy.owl#Woman,ASK WHERE { <http://www.example.com/genealogy.owl#thomas_tacey_1806> <http://www.w3.org/1999/02/22-rdf-syntax-ns#type> <http://www.example.com/genealogy.owl#Ancestor> },ASK WHERE { <http://www.example.com/genealogy.owl#thomas_tacey_1806> <http://www.w3.org/1999/02/22-rdf-syntax-ns#type> <http://www.example.com/genealogy.owl#Woman> },Is Thomas Tacey a member of Ancestor?,Is Thomas Tacey a member of Woman?,Is Individual463 a member of Class1?,Is Individual463 a member of Class9?,68e7679d5868353412e3bb03615435da5d00477b7c1aa779789357693e200ba8,d01224d55d3b547ed9d0cf9c1be5c712c69d47d41c8a93189b5b1e3477443fca,553201361fcb10537097698c057e71f793e4821d1b65feeda1958074ac41dc42,a5ae1851d4338c9be3421f07ca6e763f1939c5b6f4a054e1af2965204e73eb86,opposite disjoint peer class,FALSE
1155,bqa-b7afa352d1f8b4e2b9d48c34,1156,sem-v1.1-f46003d81629651434e3c12cf61599cb5ad9efc62403e4412db3e3981c713569,cb92b07fb1a365dca148e04b97d078aba25a0a13e5282878e557fc300b2856bf,Family,1hop,Thing_tom_pinchbeck,http://www.example.com/genealogy.owl#tom_pinchbeck,http://www.w3.org/1999/02/22-rdf-syntax-ns#type,http://www.example.com/genealogy.owl#Man,http://www.example.com/genealogy.owl#Ancestor,http://www.example.com/genealogy.owl#Woman,ASK WHERE { <http://www.example.com/genealogy.owl#tom_pinchbeck> <http://www.w3.org/1999/02/22-rdf-syntax-ns#type> <http://www.example.com/genealogy.owl#Ancestor> },ASK WHERE { <http://www.example.com/genealogy.owl#tom_pinchbeck> <http://www.w3.org/1999/02/22-rdf-syntax-ns#type> <http://www.example.com/genealogy.owl#Woman> },Is Tom Pinchbeck a member of Ancestor?,Is Tom Pinchbeck a Woman?,Is Individual467 a member of Class1?,Is Individual467 a member of Class9?,419d190e8208757fcffa55df1d9521d74fad18e5b5de85d81fc44518c58ee776,488848fabbfa33777ef40f91c52ca022dec2ebbd392012c8b089889fce00197c,a813d231de6ac437e9be751534c48050c4ec66726faafc71ecb929430dc494a8,c2935568a4c0ecd22443cd1a9ef8edec22aabe69ef7f6fdeec2233ed79b28489,opposite disjoint peer class,FALSE
1227,bqa-0d24958d1f9e8902ccc43d14,1228,sem-v1.1-42ca4b4f3c6d376f0ca59289ea6cbe500787c94e76b2cfca189048baaec03fac,73b0a396c1ab1756632fc8b234028a731e8c2e72f05b492d90639c246dda84db,Family,1hop,Thing_william_rivers_lockey_1815,http://www.example.com/genealogy.owl#william_rivers_lockey_1815,http://www.w3.org/1999/02/22-rdf-syntax-ns#type,http://www.example.com/genealogy.owl#Man,http://www.example.com/genealogy.owl#Ancestor,http://www.example.com/genealogy.owl#Woman,ASK WHERE { <http://www.example.com/genealogy.owl#william_rivers_lockey_1815> <http://www.w3.org/1999/02/22-rdf-syntax-ns#type> <http://www.example.com/genealogy.owl#Ancestor> },ASK WHERE { <http://www.example.com/genealogy.owl#william_rivers_lockey_1815> <http://www.w3.org/1999/02/22-rdf-syntax-ns#type> <http://www.example.com/genealogy.owl#Woman> },Is William Rivers Lockey considered an ancestor?,Is William Rivers Lockey a member of Woman?,Is Individual495 a member of Class1?,Is Individual495 a member of Class9?,9564ec2a2da6cb4bc2b02721851d5509a0ce2fdcc6222b52afdb38c40c6190c2,ab261ada906dfeb5351728487d2b920686bf21ea448f3be97fcd6d36a473379f,a79b1632925374f41b7a701e3f064345b5299649c8bc6e32e6ef4c5e2ae1daf8,05443222a669e73dd5ffe76de47bd06748d985764074332f5a666406e3ed0dcc,opposite disjoint peer class,FALSE
1890,bqa-6159127043720bfa5bd5d050,1891,sem-v1.1-78c4bfc387b971061fd0dc0fa8329d3308dfee27ea47a252acf6cb22201cb072,69af583225d3227470daccc909d7cc2f0309008b05b03c19cc5d5aeffeec0413,Family,2hop,Thing_amanda_usher_1968,http://www.example.com/genealogy.owl#amanda_usher_1968,http://www.w3.org/1999/02/22-rdf-syntax-ns#type,http://www.example.com/genealogy.owl#Woman,http://www.example.com/genealogy.owl#Ancestor,http://www.example.com/genealogy.owl#Man,ASK WHERE { <http://www.example.com/genealogy.owl#amanda_usher_1968> <http://www.w3.org/1999/02/22-rdf-syntax-ns#type> <http://www.example.com/genealogy.owl#Ancestor> },ASK WHERE { <http://www.example.com/genealogy.owl#amanda_usher_1968> <http://www.w3.org/1999/02/22-rdf-syntax-ns#type> <http://www.example.com/genealogy.owl#Man> },Is Amanda Usher a member of Ancestor?,Is Amanda Usher a member of Man?,Is Individual10 a member of Class1?,Is Individual10 a member of Class5?,a89944c983ace9f183b9c702fadb47747c658d38365a8ac871fe496557085f26,074451400930e926c957077a99c4991263a6e6ba9e152454e9d3650c57aacda8,fc693a65945d8629ae554f754e61fea8d2d5e1a258fad4c86048360aecf15b53,f8bb072dea817e499941f2cb655bb5940b7d7f4f8f5bf412f1610e9602ee8975,opposite disjoint peer class,FALSE
1892,bqa-cd017aa6da29973fbda2c32c,1893,sem-v1.1-0721e0237ef72de90ae68e6a24e07396f78f15a40ed9c5d0bd0949a4f50d8387,cdebd6f3d0a1ec74296cd72bdc5afcad73fb6a9aea4b5eceffad4d9145e04252,Family,2hop,Thing_andrew_usher_1965,http://www.example.com/genealogy.owl#andrew_usher_1965,http://www.w3.org/1999/02/22-rdf-syntax-ns#type,http://www.example.com/genealogy.owl#Man,http://www.example.com/genealogy.owl#Ancestor,http://www.example.com/genealogy.owl#Woman,ASK WHERE { <http://www.example.com/genealogy.owl#andrew_usher_1965> <http://www.w3.org/1999/02/22-rdf-syntax-ns#type> <http://www.example.com/genealogy.owl#Ancestor> },ASK WHERE { <http://www.example.com/genealogy.owl#andrew_usher_1965> <http://www.w3.org/1999/02/22-rdf-syntax-ns#type> <http://www.example.com/genealogy.owl#Woman> },Is Andrew Usher a member of Ancestor?,Is Andrew Usher a member of Woman?,Is Individual12 a member of Class1?,Is Individual12 a member of Class9?,d4c2321fb77cf808d90a7541971fbc2db702e12131a9d8d954930ad8f8599e47,40ab3e4bd422e03e2f5e1b78e38c1d69458d77f4baf502c74f6575b33b339580,8afe68a80ccc9c37cab9d79e39dedade3d75e305d7e1452dd2c0cdd347d7d4b2,640ad172d1bb425879283fd4c55df6e5cdaa9f42d1705e5c3d33f31a18ce8fa5,opposite disjoint peer class,FALSE
1928,bqa-8b30dceabe8810da1f1da248,1929,sem-v1.1-bff63c06750eec2b7d2bce22e0d7fd2e7edb5a4a039ffbb7e7c94aa1396b40f9,f91c1b45d064cbd1c12f699659772ea183265179979c1316179b37265484cb49,Family,2hop,Thing_arthur_tuton,http://www.example.com/genealogy.owl#arthur_tuton,http://www.w3.org/1999/02/22-rdf-syntax-ns#type,http://www.example.com/genealogy.owl#Man,http://www.example.com/genealogy.owl#Ancestor,http://www.example.com/genealogy.owl#Woman,ASK WHERE { <http://www.example.com/genealogy.owl#arthur_tuton> <http://www.w3.org/1999/02/22-rdf-syntax-ns#type> <http://www.example.com/genealogy.owl#Ancestor> },ASK WHERE { <http://www.example.com/genealogy.owl#arthur_tuton> <http://www.w3.org/1999/02/22-rdf-syntax-ns#type> <http://www.example.com/genealogy.owl#Woman> },Is Arthur Tuton a member of Ancestor?,Is Arthur Tuton a member of Woman?,Is Individual25 a member of Class1?,Is Individual25 a member of Class9?,f21bec4695e09321106f9273552df257b9c54d1df0982d518830967187e7f13e,259499784d22b7354e4e38e04d1103c7edefcc67c5fef4562a3831fe652da4b5,4d5c7fd4deec1932b7529d7a0825ec5e9f46ac918111f1582cd300d2d1a43ff8,3b0fdec6517cd89e32d0ceb728ec7c9ef0c58d3b985988a83a02d35f5754c5b5,opposite disjoint peer class,FALSE
1966,bqa-b1afd7caf9d04263fa9d6fe9,1967,sem-v1.1-44d453b3ad6a98745be117e9dc78b080042171e8ee1d796ae550c91a27b041d5,7927ca2c54b78663917bd8ce46869346bdc0d21f2fb3e198dde68b99095f98ff,Family,2hop,Thing_celia_pinchbeck_1949,http://www.example.com/genealogy.owl#celia_pinchbeck_1949,http://www.w3.org/1999/02/22-rdf-syntax-ns#type,http://www.example.com/genealogy.owl#Woman,http://www.example.com/genealogy.owl#Ancestor,http://www.example.com/genealogy.owl#Man,ASK WHERE { <http://www.example.com/genealogy.owl#celia_pinchbeck_1949> <http://www.w3.org/1999/02/22-rdf-syntax-ns#type> <http://www.example.com/genealogy.owl#Ancestor> },ASK WHERE { <http://www.example.com/genealogy.owl#celia_pinchbeck_1949> <http://www.w3.org/1999/02/22-rdf-syntax-ns#type> <http://www.example.com/genealogy.owl#Man> },Is Celia Pinchbeck a member of Ancestor?,Is Celia Pinchbeck a member of Man?,Is Individual41 a member of Class1?,Is Individual41 a member of Class5?,04a662e10fe102ac549120f163a6c13474010aa98e2dbc9022ed68aa75e7ce21,3b929a287c4e778a4a6240c89b3557d9dec9d1838b32f81a75ebf35c90fdbdd1,ef8cf3009a08b93a5d365cb501d281594e910c2399721efdf793a7a27ea8d2f2,86781d5fd4e1df540589b6890e66fec5df917b0ba9d21709aca8eecacd6e5fb6,opposite disjoint peer class,FALSE
1992,bqa-c5cd05f4de31398623027b2d,1993,sem-v1.1-932826c410c4fe6fce1cb5296759067c0608813877651b3e5f991e896bc8648f,86a1a6e55967c9e657ee6852aac08efef8d6a2ee76d9969c4b82f09733ac61da,Family,2hop,Thing_charlotte_hewett_1863,http://www.example.com/genealogy.owl#charlotte_hewett_1863,http://www.w3.org/1999/02/22-rdf-syntax-ns#type,http://www.example.com/genealogy.owl#Woman,http://www.example.com/genealogy.owl#Ancestor,http://www.example.com/genealogy.owl#Man,ASK WHERE { <http://www.example.com/genealogy.owl#charlotte_hewett_1863> <http://www.w3.org/1999/02/22-rdf-syntax-ns#type> <http://www.example.com/genealogy.owl#Ancestor> },ASK WHERE { <http://www.example.com/genealogy.owl#charlotte_hewett_1863> <http://www.w3.org/1999/02/22-rdf-syntax-ns#type> <http://www.example.com/genealogy.owl#Man> },Is Charlotte Hewett a member of Ancestor?,Is Charlotte Hewett a member of Man?,Is Individual50 a member of Class1?,Is Individual50 a member of Class5?,78fa887245bf9d85b5071d9fcde6bceea6a33b389a0a834d3035f1389632b52b,797c0f10e9acf497f4c869360f9520fb20b1efac40b5cf4618184ae0b18a5659,b517c2f14969893d22ed76598a6a2c49e6c3f7952f7093215d76146787ed2de0,70b289c4958370079e9980225d95a8e1283963fd901270db4a2f4896ba23018a,opposite disjoint peer class,FALSE
2046,bqa-85a8312695b05c33f8c72587,2047,sem-v1.1-11b032f664513e4ab62c658b56623e1b688c8d0063e0432ed602c57ef51e1d40,720262fcfb217814d1022a974f866e48d1aba0dddca4d13aff042be318ac02d6,Family,2hop,Thing_edward_blanchard_1771,http://www.example.com/genealogy.owl#edward_blanchard_1771,http://www.w3.org/1999/02/22-rdf-syntax-ns#type,http://www.example.com/genealogy.owl#Man,http://www.example.com/genealogy.owl#Ancestor,http://www.example.com/genealogy.owl#Woman,ASK WHERE { <http://www.example.com/genealogy.owl#edward_blanchard_1771> <http://www.w3.org/1999/02/22-rdf-syntax-ns#type> <http://www.example.com/genealogy.owl#Ancestor> },ASK WHERE { <http://www.example.com/genealogy.owl#edward_blanchard_1771> <http://www.w3.org/1999/02/22-rdf-syntax-ns#type> <http://www.example.com/genealogy.owl#Woman> },Is Edward Blanchard a member of Ancestor?,Is Edward Blanchard a member of Woman?,Is Individual68 a member of Class1?,Is Individual68 a member of Class9?,cb3a22b616ebff567da92ee37d159056c7b99808c39225a554ff60f7650a2212,80785965ba6d956d7c43a92711a6c364a2003a8dd6339d9f2ad43b9facf9bc17,d1a1ed558bcc8c5b3bc3e8d94d4e9fe7b69d2e9350e0559a1c102f2e790440eb,c2b5da9a623dcc206c635cc376c87d47ee2d6d62cc8f0a51c11b57ae56512a4d,opposite disjoint peer class,FALSE
2072,bqa-1eb0aa4252fa00a16feb11f0,2073,sem-v1.1-89ca7da9532b34b6e34ce102dedf2a66721245b9faac774b4486b4e95a476a1b,b7cc5cdb4769a8ed975c9052c9ffafeec931edc40897d570ccaa3800d2dcbc8d,Family,2hop,Thing_edward_young_1795,http://www.example.com/genealogy.owl#edward_young_1795,http://www.w3.org/1999/02/22-rdf-syntax-ns#type,http://www.example.com/genealogy.owl#Man,http://www.example.com/genealogy.owl#Ancestor,http://www.example.com/genealogy.owl#Woman,ASK WHERE { <http://www.example.com/genealogy.owl#edward_young_1795> <http://www.w3.org/1999/02/22-rdf-syntax-ns#type> <http://www.example.com/genealogy.owl#Ancestor> },ASK WHERE { <http://www.example.com/genealogy.owl#edward_young_1795> <http://www.w3.org/1999/02/22-rdf-syntax-ns#type> <http://www.example.com/genealogy.owl#Woman> },Is Edward Young 1795 a member of Ancestor?,Is Edward Young 1795 a member of Woman?,Is Individual73 a member of Class1?,Is Individual73 a member of Class9?,d2f9eca2eb170c9cac5e02098bf19be07b3736ba344f68b75747d5b29165c445,c3490a0accb407650dba6ecb44259e3608a0d4790c5a5d51101b2602bf4c9457,c777053f56526240e5bd22a4e18adc9d34e10696e612cb2f55a400aa0cd870f8,f1df910e14cf84d34fface7c8a795c7f173541dfde72f97a254a9c936699594d,opposite disjoint peer class,FALSE
2088,bqa-1939c6d829c0c206e9136364,2089,sem-v1.1-ef7a6854999310041e5752f8da0cdc59f4b2b9e5ad338c7844c084f1fdc192a8,eb2a39ab965da17356bd14f5c4eeace28de717b79f89040b1fe227af2a018e11,Family,2hop,Thing_eleanor_harsley_1808,http://www.example.com/genealogy.owl#eleanor_harsley_1808,http://www.w3.org/1999/02/22-rdf-syntax-ns#type,http://www.example.com/genealogy.owl#Woman,http://www.example.com/genealogy.owl#Ancestor,http://www.example.com/genealogy.owl#Man,ASK WHERE { <http://www.example.com/genealogy.owl#eleanor_harsley_1808> <http://www.w3.org/1999/02/22-rdf-syntax-ns#type> <http://www.example.com/genealogy.owl#Ancestor> },ASK WHERE { <http://www.example.com/genealogy.owl#eleanor_harsley_1808> <http://www.w3.org/1999/02/22-rdf-syntax-ns#type> <http://www.example.com/genealogy.owl#Man> },Is Eleanor Harsley from 1808 considered an ancestor?,Is Eleanor Harsley a member of Man?,Is Individual77 a member of Class1?,Is Individual77 a member of Class5?,74e3c8fc8181bf2284a6839b944731e2d2b9439657674ecd0e817dfe33b1d030,4cc768c4f71d414822e798f139ededd041d83040fe881a32bd7afad4efbc1bc2,0f7251559d1466034f720c06fd93f93fb184b0ded282bfd433de92c92e5cb8d9,cd0fad2009cab53bc528f878cd931872860ad6daed4b0eb5c7453b5390d9cdf3,opposite disjoint peer class,FALSE
2102,bqa-621f3ed48b2a584536d91ed7,2103,sem-v1.1-f51aeeb2e19dcab48d26828c2774d5053e77160c7281e29090c85d255a513977,148838c0448fe0b169a1bfce1af3f4a86c13116911abea26f397e886423a6af7,Family,2hop,Thing_elizabeth_blanchard_1807,http://www.example.com/genealogy.owl#elizabeth_blanchard_1807,http://www.w3.org/1999/02/22-rdf-syntax-ns#type,http://www.example.com/genealogy.owl#Woman,http://www.example.com/genealogy.owl#Ancestor,http://www.example.com/genealogy.owl#Man,ASK WHERE { <http://www.example.com/genealogy.owl#elizabeth_blanchard_1807> <http://www.w3.org/1999/02/22-rdf-syntax-ns#type> <http://www.example.com/genealogy.owl#Ancestor> },ASK WHERE { <http://www.example.com/genealogy.owl#elizabeth_blanchard_1807> <http://www.w3.org/1999/02/22-rdf-syntax-ns#type> <http://www.example.com/genealogy.owl#Man> },Is Elizabeth Blanchard a member of Ancestor?,Is Elizabeth Blanchard a member of Man?,Is Individual84 a member of Class1?,Is Individual84 a member of Class5?,7cee11e2f7bb358579cc296b13581a654abd52c23477ccf0a752c4aadb8574a4,d6778c63bf85fe89e316b95eb394cbd6a4ee9722cb5e516fddf5af0e60721b50,eacf382786af5e2279ecc863839004b9e89e4eb59964953ef2cf6db669d8fcd3,c5753e03880cb773dafa6ddfaeb45d85a2bff5b24740c55fa7640cbbc235d120,opposite disjoint peer class,FALSE
2216,bqa-1004582225aa7abf1e2b9408,2217,sem-v1.1-b6c05caba51732a3f118fcabb3264b634728b40afdcd0e771afe9d01c4ec8b70,f3568878c15fab34cf18333b9038558bad3f4a9d29f125a4437c4aa23807e79b,Family,2hop,Thing_hannah_hutchinson_1804,http://www.example.com/genealogy.owl#hannah_hutchinson_1804,http://www.w3.org/1999/02/22-rdf-syntax-ns#type,http://www.example.com/genealogy.owl#Woman,http://www.example.com/genealogy.owl#Ancestor,http://www.example.com/genealogy.owl#Man,ASK WHERE { <http://www.example.com/genealogy.owl#hannah_hutchinson_1804> <http://www.w3.org/1999/02/22-rdf-syntax-ns#type> <http://www.example.com/genealogy.owl#Ancestor> },ASK WHERE { <http://www.example.com/genealogy.owl#hannah_hutchinson_1804> <http://www.w3.org/1999/02/22-rdf-syntax-ns#type> <http://www.example.com/genealogy.owl#Man> },Is Hannah Hutchinson a member of Ancestor?,Is Hannah Hutchinson a member of Man?,Is Individual134 a member of Class1?,Is Individual134 a member of Class5?,173213a22fc7118ff631c504b53be232a1a1d75fd5fbdf1056b174d8e64ec203,6d491151210030564969b9bf7a3a4c699d2fc584353e27e79cece02ebc11bfef,d6abf2c288feeddc288906cbbf3039de5d6869d1ef15d0cca3beeb0ca87565b3,3bbc91b9b320a07c28856e4559db707dd3b864f855a6fdab46c3e45ae126eb22,opposite disjoint peer class,FALSE
2228,bqa-849a7a918bc41a885a82d7bf,2229,sem-v1.1-5e21f616840fbdd607823e1183f901d036489b6e25b309c86cd98918e7017f71,ced500b2715505056131fc9626b134d2137356225d31af4df3bcedb2a708f506,Family,2hop,Thing_harriet_ann_young_1825,http://www.example.com/genealogy.owl#harriet_ann_young_1825,http://www.w3.org/1999/02/22-rdf-syntax-ns#type,http://www.example.com/genealogy.owl#Woman,http://www.example.com/genealogy.owl#Ancestor,http://www.example.com/genealogy.owl#Man,ASK WHERE { <http://www.example.com/genealogy.owl#harriet_ann_young_1825> <http://www.w3.org/1999/02/22-rdf-syntax-ns#type> <http://www.example.com/genealogy.owl#Ancestor> },ASK WHERE { <http://www.example.com/genealogy.owl#harriet_ann_young_1825> <http://www.w3.org/1999/02/22-rdf-syntax-ns#type> <http://www.example.com/genealogy.owl#Man> },Is Harriet Ann Young a member of Ancestor?,Is Harriet Ann Young identified as a Man?,Is Individual138 a member of Class1?,Is Individual138 a member of Class5?,3d8b1c8445271a6204a022bd264f91ddadcc7f8babbab91393f003520ae1d27f,1d07c9fcf4caa3480a9de72180e423d89cea52d8015f1d62249dae517c9773ef,e997c292c8b2b120344375f389ce327102fa4702f02a788527c1f0198c078a1f,65844dc8119bd1a402e2d76f06ffba67e81c94123ce205037d21880f142805df,opposite disjoint peer class,FALSE
2236,bqa-1bdc98072db99e3fb738c354,2237,sem-v1.1-fb5838e5f6007a802b358c146293e360064f1257dc5449933fc8fe4f914e56cd,d156ab87369aa6df8da1991e3fc17b2156d6aa68f183bc5ec7528031f0fe9f81,Family,2hop,Thing_harriet_whitefield_1861,http://www.example.com/genealogy.owl#harriet_whitefield_1861,http://www.w3.org/1999/02/22-rdf-syntax-ns#type,http://www.example.com/genealogy.owl#Woman,http://www.example.com/genealogy.owl#Ancestor,http://www.example.com/genealogy.owl#Man,ASK WHERE { <http://www.example.com/genealogy.owl#harriet_whitefield_1861> <http://www.w3.org/1999/02/22-rdf-syntax-ns#type> <http://www.example.com/genealogy.owl#Ancestor> },ASK WHERE { <http://www.example.com/genealogy.owl#harriet_whitefield_1861> <http://www.w3.org/1999/02/22-rdf-syntax-ns#type> <http://www.example.com/genealogy.owl#Man> },Is Harriet Whitefield a member of Ancestor?,Is Harriet Whitefield a member of Man?,Is Individual141 a member of Class1?,Is Individual141 a member of Class5?,6444972a3b524ce2d74f8a9b392c83f4c5fe20cce8c784e6cfcfa1ac2c235106,f9975e8d28640771966fdb5c22be255e5107864aca2ccbf23c3cf452f323b2bb,7b8785552920b0fa0a123d0882a25928aa52a2054db24e29de60d3b2337beb1e,efdbbe12a20063f9c7c24662fcf0b054847b1cb5e272e2dc8542d94f42984610,opposite disjoint peer class,FALSE
2262,bqa-88946b332659d171608c3aed,2263,sem-v1.1-b7dc619c1031b8c298f2bd2772a35443d5fdbc106f1ea36354e1390bde3f956e,262a4eca273136772188becba36e778107ed569ebd045d04be16e1a5e6301c27,Family,2hop,Thing_henry_edmund_bright_1862,http://www.example.com/genealogy.owl#henry_edmund_bright_1862,http://www.w3.org/1999/02/22-rdf-syntax-ns#type,http://www.example.com/genealogy.owl#Man,http://www.example.com/genealogy.owl#Ancestor,http://www.example.com/genealogy.owl#Woman,ASK WHERE { <http://www.example.com/genealogy.owl#henry_edmund_bright_1862> <http://www.w3.org/1999/02/22-rdf-syntax-ns#type> <http://www.example.com/genealogy.owl#Ancestor> },ASK WHERE { <http://www.example.com/genealogy.owl#henry_edmund_bright_1862> <http://www.w3.org/1999/02/22-rdf-syntax-ns#type> <http://www.example.com/genealogy.owl#Woman> },Is Henry Edmund Bright 1862 a member of Ancestor?,Is Henry Edmund Bright 1862 a member of Woman?,Is Individual149 a member of Class1?,Is Individual149 a member of Class9?,fb6ae6702324f32044ba1ad8154e2e111d4c10ab476de3efa430ec2a5ea844b4,dd0b7c909e169e841d985462957e0dcb29ecf82a601061205a2af43b2417d3cd,17e945941f801f000819ac459093979aabaad122d655c74a26bf99c2a19404f3,5270e4701341da4696b18e80187ecc6b8a2242f323c1b6a0091c5dd3958213d8,opposite disjoint peer class,FALSE
2296,bqa-d53e01c31c07b937d7cc719f,2297,sem-v1.1-47a6cdb3665d79d2682b184fb19ce346bec8d2e78350d895b71155e16eb9f021,4348bec840e62880e82ed1a26fb271aa9d9b0282e1d7e90f31c1bbd01cb3e756,Family,2hop,Thing_humphrey_archer_1726,http://www.example.com/genealogy.owl#humphrey_archer_1726,http://www.w3.org/1999/02/22-rdf-syntax-ns#type,http://www.example.com/genealogy.owl#Man,http://www.example.com/genealogy.owl#Ancestor,http://www.example.com/genealogy.owl#Woman,ASK WHERE { <http://www.example.com/genealogy.owl#humphrey_archer_1726> <http://www.w3.org/1999/02/22-rdf-syntax-ns#type> <http://www.example.com/genealogy.owl#Ancestor> },ASK WHERE { <http://www.example.com/genealogy.owl#humphrey_archer_1726> <http://www.w3.org/1999/02/22-rdf-syntax-ns#type> <http://www.example.com/genealogy.owl#Woman> },Is Humphrey Archer a member of Ancestor?,Is Humphrey Archer a member of Woman?,Is Individual160 a member of Class1?,Is Individual160 a member of Class9?,0cdcc84120b86bcaab03a00f9b4d9d5941bab1f6045894a0518d79b861752840,ea1b14eb9eb918160defe1c07d08e4246ccf7bc48879ae051a86d0c3f7ccbcf5,d88daf0cbbf46f6938ffed796ea791c5881b569cacbcf1175762d3ea1385e8ab,39dbaa18395ddf8ebf11e42fb21a3863856e015558424bd64c0f78d67a0d0304,opposite disjoint peer class,FALSE
2324,bqa-f5e67977dfa290e6349e11ba,2325,sem-v1.1-ce3058bab1aee6c6ee9eb30b12b49118e1e8b320a6a7cfa86a30115fc43fc058,d32ffcbb033945ff7e07ac5db7e604568346b3e8687017426bd53ed4ae05a1b7,Family,2hop,Thing_james_bright_1761,http://www.example.com/genealogy.owl#james_bright_1761,http://www.w3.org/1999/02/22-rdf-syntax-ns#type,http://www.example.com/genealogy.owl#Man,http://www.example.com/genealogy.owl#Ancestor,http://www.example.com/genealogy.owl#Woman,ASK WHERE { <http://www.example.com/genealogy.owl#james_bright_1761> <http://www.w3.org/1999/02/22-rdf-syntax-ns#type> <http://www.example.com/genealogy.owl#Ancestor> },ASK WHERE { <http://www.example.com/genealogy.owl#james_bright_1761> <http://www.w3.org/1999/02/22-rdf-syntax-ns#type> <http://www.example.com/genealogy.owl#Woman> },Is James Bright 1761 a member of Ancestor?,Is James Bright 1761 a member of Woman?,Is Individual172 a member of Class1?,Is Individual172 a member of Class9?,b0264d916e67bfcd3494003f6810733cdb3f52f5461fdff661fc690074db82e5,b83f1211804dd59debfbe3f90689351c9f3a8d925714b0e1da4fd00d4fcc70ec,8ffca6fd70cf819347d89a7c6cf43a8a3f7ddb607d25b42b5634083eeabe5fda,c7fac107de474958672a43f06b6d84b4d8b507870102a7816c0331e8bcb31962,opposite disjoint peer class,FALSE
2326,bqa-b653989c6f20fbfa0904ef1f,2327,sem-v1.1-3af181b0995f6ed338e655298378de9adb87d47ff13f2ff8ca60a79edb3d14c9,27ed438f53e95aae50ac9676476e45204325a8995f6cda522f25e58e3af14532,Family,2hop,Thing_james_bright_1787,http://www.example.com/genealogy.owl#james_bright_1787,http://www.w3.org/1999/02/22-rdf-syntax-ns#type,http://www.example.com/genealogy.owl#Man,http://www.example.com/genealogy.owl#Ancestor,http://www.example.com/genealogy.owl#Woman,ASK WHERE { <http://www.example.com/genealogy.owl#james_bright_1787> <http://www.w3.org/1999/02/22-rdf-syntax-ns#type> <http://www.example.com/genealogy.owl#Ancestor> },ASK WHERE { <http://www.example.com/genealogy.owl#james_bright_1787> <http://www.w3.org/1999/02/22-rdf-syntax-ns#type> <http://www.example.com/genealogy.owl#Woman> },Is James Bright 1787 a member of Ancestor?,Is James Bright 1787 a member of Woman?,Is Individual173 a member of Class1?,Is Individual173 a member of Class9?,9a1665134462b844a9ee65be929cdf68608d1f3b6ccc710bfe69616858342114,3f9d7c18f603e4b4ff5d3c286224d87b35d1d9d7911e9e6baf063a74a976c33c,5f41ab545b8f1b99cc78403d64a5649bd292e28635b1574149481743d5569ea1,770661a47ae8abdc7198495918cef5f4636f469daa053692bcb317a810f3132d,opposite disjoint peer class,FALSE
2342,bqa-52b0d58c346f02c2d06f4955,2343,sem-v1.1-704f5b02af3b57fb2a4446d2387cfabff00e4a78834590bcb09e8b8224fc0893,9c319494c2aa29bf06f65f9a33ecee2bb225f8a1d419d697d8fc1f9cce7346ed,Family,2hop,Thing_james_dickens_1774,http://www.example.com/genealogy.owl#james_dickens_1774,http://www.w3.org/1999/02/22-rdf-syntax-ns#type,http://www.example.com/genealogy.owl#Man,http://www.example.com/genealogy.owl#Ancestor,http://www.example.com/genealogy.owl#Woman,ASK WHERE { <http://www.example.com/genealogy.owl#james_dickens_1774> <http://www.w3.org/1999/02/22-rdf-syntax-ns#type> <http://www.example.com/genealogy.owl#Ancestor> },ASK WHERE { <http://www.example.com/genealogy.owl#james_dickens_1774> <http://www.w3.org/1999/02/22-rdf-syntax-ns#type> <http://www.example.com/genealogy.owl#Woman> },Is James Dickens a member of Ancestor?,Is James Dickens a member of Woman?,Is Individual177 a member of Class1?,Is Individual177 a member of Class9?,c9c9de11e0244fa4d00aa20037f4da11e55d66dd22cd06f5f4d07f277486fee6,14b7412080c0a74766b96fb56040b7acc86c894f030c2ed433ff5cc9ba82fe7e,8511b1d35aba83b70859a079dca1f618638424ef187a462c47a7b12e296bec79,221e48e609a2954f4ce0b36c05da65a67359abc10910448482d2442675777ca2,opposite disjoint peer class,FALSE
2346,bqa-f6383963301d9a32bea7708e,2347,sem-v1.1-584a8bd45c558c8b25fed332811ee0c2650444d16319ae06720839b7be576f91,222b152e634f5e1ccf2e4822673c74b2c55a4474565af8b387196c84760b2724,Family,2hop,Thing_james_frank_hayden_bright_1891,http://www.example.com/genealogy.owl#james_frank_hayden_bright_1891,http://www.w3.org/1999/02/22-rdf-syntax-ns#type,http://www.example.com/genealogy.owl#Man,http://www.example.com/genealogy.owl#Ancestor,http://www.example.com/genealogy.owl#Woman,ASK WHERE { <http://www.example.com/genealogy.owl#james_frank_hayden_bright_1891> <http://www.w3.org/1999/02/22-rdf-syntax-ns#type> <http://www.example.com/genealogy.owl#Ancestor> },ASK WHERE { <http://www.example.com/genealogy.owl#james_frank_hayden_bright_1891> <http://www.w3.org/1999/02/22-rdf-syntax-ns#type> <http://www.example.com/genealogy.owl#Woman> },Is James Frank Hayden Bright a member of Ancestor?,Is James Frank Hayden Bright a Woman?,Is Individual178 a member of Class1?,Is Individual178 a member of Class9?,08b0df4f14b81c1580c0476d2bddd6b62d21341f342f17ea79d1442bb9e65850,15298c0321e06e789e5c0924015b11860cf4819743a3e4bb320ea0288d7012b6,b84bb2dcfddd72abb9a4fa34103348f989a9d12e8f3b3b2b465961144bbfe068,1ec66df466ae259a1bbc5775dcd268c16987473488496ce8fd73a0ddce78e339,opposite disjoint peer class,FALSE
2352,bqa-d092a36e4ad8e25758beb934,2353,sem-v1.1-3010969676af2329af1af5f060b88cbb2220ea0de07b1dec2948987ec2ba9bfc,bf013b277527dee127258744be420f060f63f7dce7c1f722ee8eb280619ab261,Family,2hop,Thing_james_hewett_1815,http://www.example.com/genealogy.owl#james_hewett_1815,http://www.w3.org/1999/02/22-rdf-syntax-ns#type,http://www.example.com/genealogy.owl#Man,http://www.example.com/genealogy.owl#Ancestor,http://www.example.com/genealogy.owl#Woman,ASK WHERE { <http://www.example.com/genealogy.owl#james_hewett_1815> <http://www.w3.org/1999/02/22-rdf-syntax-ns#type> <http://www.example.com/genealogy.owl#Ancestor> },ASK WHERE { <http://www.example.com/genealogy.owl#james_hewett_1815> <http://www.w3.org/1999/02/22-rdf-syntax-ns#type> <http://www.example.com/genealogy.owl#Woman> },Is James Hewett 1815 a member of Ancestor?,Is James Hewett 1815 a member of Woman?,Is Individual179 a member of Class1?,Is Individual179 a member of Class9?,e6959f6585816284050926f6c56a89b5fab4bec1b7b1fa9e63ae1148b0c2d9b4,1a0812c12b51162e54a37493e12f685408c4a9933f4dd517f45996ca96f35632,fbae05e2d3f3cf8548987bba9cc8eeac57ea4bf70912f8ee61d2da224f9e6bbe,e94f498fbc0f2f03e6af7ffa795f46c1c672976e1a6d793b73ca9c7d1e9dccb6,opposite disjoint peer class,FALSE
2392,bqa-270a35cc3cae3b3faac3f3e6,2393,sem-v1.1-0803c191b77dad9c9330a265d9ce92d114d813fa9734f5819c61eaee93128092,d34d2c9e4bc37b5ccdcc41759a7c00095c9736b22f368ab985f869869c206929,Family,2hop,Thing_james_steward_1830,http://www.example.com/genealogy.owl#james_steward_1830,http://www.w3.org/1999/02/22-rdf-syntax-ns#type,http://www.example.com/genealogy.owl#Man,http://www.example.com/genealogy.owl#Ancestor,http://www.example.com/genealogy.owl#Woman,ASK WHERE { <http://www.example.com/genealogy.owl#james_steward_1830> <http://www.w3.org/1999/02/22-rdf-syntax-ns#type> <http://www.example.com/genealogy.owl#Ancestor> },ASK WHERE { <http://www.example.com/genealogy.owl#james_steward_1830> <http://www.w3.org/1999/02/22-rdf-syntax-ns#type> <http://www.example.com/genealogy.owl#Woman> },Is James Steward 1830 a member of Ancestor?,Is James Steward 1830 a member of Woman?,Is Individual190 a member of Class1?,Is Individual190 a member of Class9?,e353b00fc7a3243809d7c35d34f26db3b76e206294a8a1fa46812119666b3308,1828ea6efc37960a5a59f792ecd2c6f2f837b19a5ef73ab06809fdf1cd4cda14,586a55cf056a98a8eb75bb95e874ee1d540932204eff433b3bec188560bf343f,62e5df32a7c77988d10045fba29ecd049a3fcab8057d27d49dedf1b5feb1d6c3,opposite disjoint peer class,FALSE
2400,bqa-653b70fe90518decd6addd1f,2401,sem-v1.1-e1bf018cfece18de9039b8b13a0168e47c7316bb47514c318ddf2066b7b6b186,8a9194028dfe0c06ac37e44c6ce27ce2e9356f0c0a6da4aca756a6b5f38cab69,Family,2hop,Thing_james_whitfield_1792,http://www.example.com/genealogy.owl#james_whitfield_1792,http://www.w3.org/1999/02/22-rdf-syntax-ns#type,http://www.example.com/genealogy.owl#Man,http://www.example.com/genealogy.owl#Ancestor,http://www.example.com/genealogy.owl#Woman,ASK WHERE { <http://www.example.com/genealogy.owl#james_whitfield_1792> <http://www.w3.org/1999/02/22-rdf-syntax-ns#type> <http://www.example.com/genealogy.owl#Ancestor> },ASK WHERE { <http://www.example.com/genealogy.owl#james_whitfield_1792> <http://www.w3.org/1999/02/22-rdf-syntax-ns#type> <http://www.example.com/genealogy.owl#Woman> },Is James Whitfield 1792 a member of Ancestor?,Is James Whitfield 1792 a member of Woman?,Is Individual192 a member of Class1?,Is Individual192 a member of Class9?,c93188f880bc4e095f35b9cf636ee47a33134fbdd94b952ed11d2c06c9dd2663,11690b1a14c23c9d649a2cf584af64206793f59bebc7ba83d66e312122f1dd1a,3e011b47f8442a0ff5dd7f8649b3e5202f1037aad48bf05f017ae3699a2654c9,41e90e527cf94c63b9d340a0d1b9cd664cfe41efb9c6bb48bc80d9783675fd9d,opposite disjoint peer class,FALSE
2438,bqa-45b35bb3b0dda0fd13b08553,2439,sem-v1.1-693fcdb44285c8e6f542336b8b3b1fe5666bce965182adb9ba3bbb2c5e621944,612b2f9125f702c68ce33ef544930b6f506cdfd534b476b3b6580c505482d8b5,Family,2hop,Thing_john_archer_1835,http://www.example.com/genealogy.owl#john_archer_1835,http://www.w3.org/1999/02/22-rdf-syntax-ns#type,http://www.example.com/genealogy.owl#Man,http://www.example.com/genealogy.owl#Ancestor,http://www.example.com/genealogy.owl#Woman,ASK WHERE { <http://www.example.com/genealogy.owl#john_archer_1835> <http://www.w3.org/1999/02/22-rdf-syntax-ns#type> <http://www.example.com/genealogy.owl#Ancestor> },ASK WHERE { <http://www.example.com/genealogy.owl#john_archer_1835> <http://www.w3.org/1999/02/22-rdf-syntax-ns#type> <http://www.example.com/genealogy.owl#Woman> },Is John Archer 1835 a member of Ancestor?,Is John Archer 1835 a member of Woman?,Is Individual208 a member of Class1?,Is Individual208 a member of Class9?,5fd930f62abb3f87a57eefdee98c2366b8704ca7480c94f3709ab1fcaf9015d0,95a34787a50c3c05383b22721bca63f35b116df03228b3735b10e21b8095d3cf,d67e75d7242ee73a794f866de7a0217e06485273ca1bad83a33acb35298b1cb3,b331fd51f506aa832fc7181f59787d57fcbf7f261c9bb8dc5eec474302441536,opposite disjoint peer class,FALSE
2448,bqa-7665389264ed42830f77fdd6,2449,sem-v1.1-8fd5dbd7d2dc2edc4289c76e1237a70ef9772cc5792bf8201ad55f8a126e8370,5b60f2b6c88102434188f7f21452ff27f451072b44213a9627d48c0bfa578943,Family,2hop,Thing_john_bright_1930,http://www.example.com/genealogy.owl#john_bright_1930,http://www.w3.org/1999/02/22-rdf-syntax-ns#type,http://www.example.com/genealogy.owl#Man,http://www.example.com/genealogy.owl#Ancestor,http://www.example.com/genealogy.owl#Woman,ASK WHERE { <http://www.example.com/genealogy.owl#john_bright_1930> <http://www.w3.org/1999/02/22-rdf-syntax-ns#type> <http://www.example.com/genealogy.owl#Ancestor> },ASK WHERE { <http://www.example.com/genealogy.owl#john_bright_1930> <http://www.w3.org/1999/02/22-rdf-syntax-ns#type> <http://www.example.com/genealogy.owl#Woman> },Is John Bright a member of Ancestor?,Is John Bright a member of Woman?,Is Individual209 a member of Class1?,Is Individual209 a member of Class9?,2293cb0746439ec82f913f55fa215d47ae84304320fbdf34dee93d85f1ff3192,ccbdcc4194bea403ff22445b24520410d6c310c9f43f605e19817c54f2c34fc4,091f41a925ae593f619c65a87521fedf54d3aab76d78be2a6c02603992248575,b8685881d51b10f85a49c7643d35c7a5aefdacac914833a5de96957af9204aca,opposite disjoint peer class,FALSE
2522,bqa-249cc1b50ec7e0b546365ca6,2523,sem-v1.1-0f33cef97e154f66e350f202cf6eb5f5685f0e30f15aa97d97c4ba2cc60ea3d8,91c0377d5409d0f3e4b7ab20c30a10cc850210a7b28f2367b184cd70b43c496f,Family,2hop,Thing_julie_bright_1966,http://www.example.com/genealogy.owl#julie_bright_1966,http://www.w3.org/1999/02/22-rdf-syntax-ns#type,http://www.example.com/genealogy.owl#Woman,http://www.example.com/genealogy.owl#Ancestor,http://www.example.com/genealogy.owl#Man,ASK WHERE { <http://www.example.com/genealogy.owl#julie_bright_1966> <http://www.w3.org/1999/02/22-rdf-syntax-ns#type> <http://www.example.com/genealogy.owl#Ancestor> },ASK WHERE { <http://www.example.com/genealogy.owl#julie_bright_1966> <http://www.w3.org/1999/02/22-rdf-syntax-ns#type> <http://www.example.com/genealogy.owl#Man> },Is Julie Bright considered an ancestor?,Is Julie Bright a member of Man?,Is Individual239 a member of Class1?,Is Individual239 a member of Class5?,ad71f7b678bf7f578c4b76bab2503097fd65385bc511ab4bd62f97d0a2578337,da38188113f330cf4d4498a07851372ae0cec07ca66d8c30797e43cac1271d99,ab27c6eda0d94009c239a17b1f9e3670231c3f6c83ce141cb9cbc5b7cf00e757,272a5aa8e54f0e0b050f5dfdc0e3ce97bb444c982f362d98a717f06a74abf11b,opposite disjoint peer class,FALSE
2704,bqa-f2ae0581f63ec6b4715ffea0,2705,sem-v1.1-0a4013c058e80b014cd1eaa3d770b96748c6de3ac484781f5829d190b42d0aa2,00a63a0ec3019573f2c5d7e7f8685a78f83a1f910be0494f4cbe0337d3dde269,Family,2hop,Thing_mark_anthony_heath_1960,http://www.example.com/genealogy.owl#mark_anthony_heath_1960,http://www.w3.org/1999/02/22-rdf-syntax-ns#type,http://www.example.com/genealogy.owl#Man,http://www.example.com/genealogy.owl#Ancestor,http://www.example.com/genealogy.owl#Woman,ASK WHERE { <http://www.example.com/genealogy.owl#mark_anthony_heath_1960> <http://www.w3.org/1999/02/22-rdf-syntax-ns#type> <http://www.example.com/genealogy.owl#Ancestor> },ASK WHERE { <http://www.example.com/genealogy.owl#mark_anthony_heath_1960> <http://www.w3.org/1999/02/22-rdf-syntax-ns#type> <http://www.example.com/genealogy.owl#Woman> },Is Mark Anthony Heath considered an ancestor?,Is Mark Anthony Heath a member of Woman?,Is Individual333 a member of Class1?,Is Individual333 a member of Class9?,7e2acaeffaa4c0e99de7d3e824e0ea1399d42e1fdf3a48c5c06c77245eddb3fd,00f64381479ff9a60ba2d1209ff1414bddef456329d86de0ccf19252ca844525,c17e513d2912bde0ff75068c8a05608fcc208cdaf1189f3ba6e5fcb1048c3178,495f1898a2290d977f98f4cfebba4b8b33479f9bcdde37b7720b9b14af13b1a4,opposite disjoint peer class,FALSE
2728,bqa-7feaf8a5c83b0cb1d8badb19,2729,sem-v1.1-93e27440c5c0879705c1a412f81221805dfc69d4969319281a3f9f23a057dbd3,a4a5ecb83fb28081f4923f5aeb60242ee8a1a496f5b781b5f24635df5ce560b4,Family,2hop,Thing_martha_stafford_1814,http://www.example.com/genealogy.owl#martha_stafford_1814,http://www.w3.org/1999/02/22-rdf-syntax-ns#type,http://www.example.com/genealogy.owl#Woman,http://www.example.com/genealogy.owl#Ancestor,http://www.example.com/genealogy.owl#Man,ASK WHERE { <http://www.example.com/genealogy.owl#martha_stafford_1814> <http://www.w3.org/1999/02/22-rdf-syntax-ns#type> <http://www.example.com/genealogy.owl#Ancestor> },ASK WHERE { <http://www.example.com/genealogy.owl#martha_stafford_1814> <http://www.w3.org/1999/02/22-rdf-syntax-ns#type> <http://www.example.com/genealogy.owl#Man> },Is Martha Stafford a member of Ancestor?,Is Martha Stafford a member of Man?,Is Individual339 a member of Class1?,Is Individual339 a member of Class5?,bdfd935439003e509c1f048e9c5989b32b36f2797b9594b5eea5ac0947ef0696,494265ba747f41228012957bfd21d15d96034d87057ab8ea8aa2607deb5482f1,142660ef6aef7a1c2f59a1ac9672260a477da8f35183f3a1e60bbb45f7f2bcf5,0e4749ab1ed5b848899b734ab2a843f76af53b9dad347c7b11ee19019896b7b6,opposite disjoint peer class,FALSE
2778,bqa-48a078d7648873e47d08942b,2779,sem-v1.1-98160e742557af9d3f5ed30c9c3302c8c6e6e43cf7563e4d3b984d987bf9312a,54d094043fae7166fbb4e3d0378f073a4579b540ce45d2992b56b064503bcce4,Family,2hop,Thing_mary_frankish,http://www.example.com/genealogy.owl#mary_frankish,http://www.w3.org/1999/02/22-rdf-syntax-ns#type,http://www.example.com/genealogy.owl#Woman,http://www.example.com/genealogy.owl#Ancestor,http://www.example.com/genealogy.owl#Man,ASK WHERE { <http://www.example.com/genealogy.owl#mary_frankish> <http://www.w3.org/1999/02/22-rdf-syntax-ns#type> <http://www.example.com/genealogy.owl#Ancestor> },ASK WHERE { <http://www.example.com/genealogy.owl#mary_frankish> <http://www.w3.org/1999/02/22-rdf-syntax-ns#type> <http://www.example.com/genealogy.owl#Man> },Is Mary Frankish considered an ancestor?,Is Mary Frankish a Man?,Is Individual358 a member of Class1?,Is Individual358 a member of Class5?,9827c33151d12bddc6f6dd1d58c82edc6e02e3c3c330627cac1e53c4a2094068,1180113dd0179903b059902dca8aba1d9343494e07f9c464a033ac2a34fd578e,93a4f3441920ff7854be6fb5c3431b04ff212e92e893ca18be08a6637788c43b,53e9be775c0985056d16fe09d0577c747df8e438061f411401c9e63ac473f69d,opposite disjoint peer class,FALSE
2848,bqa-0d0301925fafa28dc0039a75,2849,sem-v1.1-c354491e87bea5bc693a1a966037087a18ba6acdb0867aea81125ba0ea0224ce,ac5489c3444b9fdd9f113287e605d85e56d10bf8888fda6c8f06dd2b439fb174,Family,2hop,Thing_priscilla_saunders_1810,http://www.example.com/genealogy.owl#priscilla_saunders_1810,http://www.w3.org/1999/02/22-rdf-syntax-ns#type,http://www.example.com/genealogy.owl#Woman,http://www.example.com/genealogy.owl#Ancestor,http://www.example.com/genealogy.owl#Man,ASK WHERE { <http://www.example.com/genealogy.owl#priscilla_saunders_1810> <http://www.w3.org/1999/02/22-rdf-syntax-ns#type> <http://www.example.com/genealogy.owl#Ancestor> },ASK WHERE { <http://www.example.com/genealogy.owl#priscilla_saunders_1810> <http://www.w3.org/1999/02/22-rdf-syntax-ns#type> <http://www.example.com/genealogy.owl#Man> },Is Priscilla Saunders a member of Ancestor?,Is Priscilla Saunders a member of Man?,Is Individual391 a member of Class1?,Is Individual391 a member of Class5?,04baa3011f11ecd2c8ab8482e85b48e3e8e2d3de774527712fa05e276e937b32,2672f153c289e59a466b99be70ad1915edea3e62979528e4b065e57f2edd1ab4,811f2864cf3ef3f29940a5df7869249d51ab84bada6eca997ee88a2c0f820935,f3d88f9bc11d5cca009d7fd271c334a36b3c0a45c61299b997f9468fdc114d17,opposite disjoint peer class,FALSE
2870,bqa-96cf551b94b8c559d8e88948,2871,sem-v1.1-a38fea4c4db93731148b2ff72f24a7bb9fc08155dddf1bf3652666bc0ae59948,5f010200b3bce5a2d5abd2ec30fac0be09f33f1be1293f2791006c3168f052f3,Family,2hop,Thing_rebecca_wife_of_james_stafford,http://www.example.com/genealogy.owl#rebecca_wife_of_james_stafford,http://www.w3.org/1999/02/22-rdf-syntax-ns#type,http://www.example.com/genealogy.owl#Woman,http://www.example.com/genealogy.owl#Ancestor,http://www.example.com/genealogy.owl#Man,ASK WHERE { <http://www.example.com/genealogy.owl#rebecca_wife_of_james_stafford> <http://www.w3.org/1999/02/22-rdf-syntax-ns#type> <http://www.example.com/genealogy.owl#Ancestor> },ASK WHERE { <http://www.example.com/genealogy.owl#rebecca_wife_of_james_stafford> <http://www.w3.org/1999/02/22-rdf-syntax-ns#type> <http://www.example.com/genealogy.owl#Man> },Is Rebecca Wife Of James Stafford a member of Ancestor?,Is Rebecca Wife Of James Stafford a member of Man?,Is Individual401 a member of Class1?,Is Individual401 a member of Class5?,65cefd7b55cfa72245c5a305dd981e01bdb2fc88a0edd6507e15f6202407df54,e41f8a54d6b5b1c6df2ad2e05521e80cf15b3d1cf7b06865460f01d8ce9600dd,7581133958d1c0fce7a2960afd8d7b12877d4d0e9f99a08fb56462991b3f687e,16bb7f6a5f654e29bc347b49b0f9a98535a51729b320f4e4265e26c72e645716,opposite disjoint peer class,FALSE
2996,bqa-218a361d33eebd0ae6f2c377,2997,sem-v1.1-8d16dde84586e8f92e786d6fa29a57652e89810d4b8a2a758c9c83c2c7d0e29d,c55c6c9c72d71dd7c42d250ea09a178072b07c9154b889e5ac9044bffb1fc21d,Family,2hop,Thing_susannah_tacey_1834,http://www.example.com/genealogy.owl#susannah_tacey_1834,http://www.w3.org/1999/02/22-rdf-syntax-ns#type,http://www.example.com/genealogy.owl#Woman,http://www.example.com/genealogy.owl#Ancestor,http://www.example.com/genealogy.owl#Man,ASK WHERE { <http://www.example.com/genealogy.owl#susannah_tacey_1834> <http://www.w3.org/1999/02/22-rdf-syntax-ns#type> <http://www.example.com/genealogy.owl#Ancestor> },ASK WHERE { <http://www.example.com/genealogy.owl#susannah_tacey_1834> <http://www.w3.org/1999/02/22-rdf-syntax-ns#type> <http://www.example.com/genealogy.owl#Man> },Is Susannah Tacey a member of Ancestor?,Is Susannah Tacey a member of Man?,Is Individual451 a member of Class1?,Is Individual451 a member of Class5?,03ba94084648dddf0d9ac6efd268f6ecc4c938d3d25a3a7d523a60cd7e48cbd9,34fa995d63495709bc0cfd6da7f963b5341dd4611dcf5d0dd91196533028885c,604c08b53f09b001ecef3c9d01caf0c80f82e61432a285ca89b9dc77baa7ec95,0f95682bb888945c4985b860208a2e7b4eba0f70ea0d95eed845de1ce29a8641,opposite disjoint peer class,FALSE
3028,bqa-6cdef45c0dc5ef976d8888b9,3029,sem-v1.1-ddf695b2a0bcfca65f2a945bcb7943f8d9eb2d34e978138d255bd26f8b8ee6b4,36de647414588e502c53ba4ac18f9894aa2c3272f71ca987de33be2ea52cefc1,Family,2hop,Thing_thomas_tacey_1806,http://www.example.com/genealogy.owl#thomas_tacey_1806,http://www.w3.org/1999/02/22-rdf-syntax-ns#type,http://www.example.com/genealogy.owl#Man,http://www.example.com/genealogy.owl#Ancestor,http://www.example.com/genealogy.owl#Woman,ASK WHERE { <http://www.example.com/genealogy.owl#thomas_tacey_1806> <http://www.w3.org/1999/02/22-rdf-syntax-ns#type> <http://www.example.com/genealogy.owl#Ancestor> },ASK WHERE { <http://www.example.com/genealogy.owl#thomas_tacey_1806> <http://www.w3.org/1999/02/22-rdf-syntax-ns#type> <http://www.example.com/genealogy.owl#Woman> },Is Thomas Tacey a member of Ancestor?,Is Thomas Tacey a member of Woman?,Is Individual463 a member of Class1?,Is Individual463 a member of Class9?,86464009edfa3a973d0e3ae90be296d16818d103c2cba1a31f9ba09373080ad6,2bf49aecb83f467df1a5d0dceb2de772ace065dd64be3bc9df8bf7f34af71848,550ea58cd7cf897332499e98d3e4eb5a2a9997bf2f6c2a24d9d4ba86e00b814d,18a2418930a725c0d2eb85530bb7cfc428dba374c851b0cd3b1729078fac0f28,opposite disjoint peer class,FALSE
3036,bqa-81bb72e73b17826475bb678e,3037,sem-v1.1-d59c4ef0b4a9526984755f8204f15f183caabf3dbc89ce5b64043f8e09bc6a38,c7b129eea101ec24d8404ba2a7c6127aa7fe403a530bf6fdd34537c1fdf8d18b,Family,2hop,Thing_tom_pinchbeck,http://www.example.com/genealogy.owl#tom_pinchbeck,http://www.w3.org/1999/02/22-rdf-syntax-ns#type,http://www.example.com/genealogy.owl#Man,http://www.example.com/genealogy.owl#Ancestor,http://www.example.com/genealogy.owl#Woman,ASK WHERE { <http://www.example.com/genealogy.owl#tom_pinchbeck> <http://www.w3.org/1999/02/22-rdf-syntax-ns#type> <http://www.example.com/genealogy.owl#Ancestor> },ASK WHERE { <http://www.example.com/genealogy.owl#tom_pinchbeck> <http://www.w3.org/1999/02/22-rdf-syntax-ns#type> <http://www.example.com/genealogy.owl#Woman> },Is Tom Pinchbeck a member of Ancestor?,Is Tom Pinchbeck a Woman?,Is Individual467 a member of Class1?,Is Individual467 a member of Class9?,9679cc78445a533314d4bab6505fe68f7ee259342b7c3844822d0b35df31da27,1f28602d7fa5950e173c520f1f300b764386dbc1024a96117292ddd702878e8b,f446f93b25b8e55a4b28a94e068b2371614f5261516012985a72dfe571f33bd0,8caa9378821758adcd73bd6b015e8680c0b68ad9bd98923bb72ef679d4d831d6,opposite disjoint peer class,FALSE
3108,bqa-1caef9630ee8ab42aa59171d,3109,sem-v1.1-74ec9e97e996b8e4c45c21ec05658b39c7a47a3d9288d665bf32ca572d80910d,9bd728c678d7b88ba6e172232876fc182dd997770eebc26ee83ffe9db961756d,Family,2hop,Thing_william_rivers_lockey_1815,http://www.example.com/genealogy.owl#william_rivers_lockey_1815,http://www.w3.org/1999/02/22-rdf-syntax-ns#type,http://www.example.com/genealogy.owl#Man,http://www.example.com/genealogy.owl#Ancestor,http://www.example.com/genealogy.owl#Woman,ASK WHERE { <http://www.example.com/genealogy.owl#william_rivers_lockey_1815> <http://www.w3.org/1999/02/22-rdf-syntax-ns#type> <http://www.example.com/genealogy.owl#Ancestor> },ASK WHERE { <http://www.example.com/genealogy.owl#william_rivers_lockey_1815> <http://www.w3.org/1999/02/22-rdf-syntax-ns#type> <http://www.example.com/genealogy.owl#Woman> },Is William Rivers Lockey considered an ancestor?,Is William Rivers Lockey a member of Woman?,Is Individual495 a member of Class1?,Is Individual495 a member of Class9?,e00abe5e77856b58337bda2401190e3d41d3493a5f2e516de836086f5c31e3fb,9db168ddd775cb91c9dbb94dfda08616719584ad4a7f5909e598b8064db16417,a936c0ae5328dc571bf2c638b9502e3d12af2ab9e046f643d2ec7f9ac5defe23,e70fd7ca6a4e2712d296d79bc7357486cd9479b274a4d837fa741bb99ae80a83,opposite disjoint peer class,FALSE
6460,bqa-d6b1fa4032718ed1d3dfc6f4,6459,sem-v1.1-4041672fcf269f25eb7c7e0f6fe9fd8f866ad5654ef381d28c9c749463fb36fb,8a25b946d742bd9d8c579e9c945337fc232e9a68e9e5e1ea05d76ccf4d6393a4,OWL2Bench,1hop,Thing_null,https://kracr.iiitd.edu.in/OWL2Bench#null,https://kracr.iiitd.edu.in/OWL2Bench#likes,https://kracr.iiitd.edu.in/OWL2Bench#ComedyMovie,https://kracr.iiitd.edu.in/OWL2Bench#RomanticMovie,https://kracr.iiitd.edu.in/OWL2Bench#Movie,ASK WHERE { <http://www.example.com/genealogy.owl#null> <http://www.example.com/genealogy.owl#likes> <http://www.example.com/genealogy.owl#RomanticMovie> },ASK WHERE { <https://kracr.iiitd.edu.in/OWL2Bench#null> <https://kracr.iiitd.edu.in/OWL2Bench#likes> <https://kracr.iiitd.edu.in/OWL2Bench#Movie> },Is Null (Genealogy) related to Romantic Movie (Genealogy) through Likes (Genealogy)?,Is Null related to Movie through Likes?,Is Individual3984 related to Individual414 through Property77?,Is Individual3984 related to Class70 through Property77?,82509169d049b851642307ca2edb4226396d1ee5c27732ac5af8083051e12522,d40afcd2b853878c89e691c7b8fc8569bb35154ccf25d5340baca74e72a22467,fe5f3b676eae2e0fbcc7d41634c04abb21572d4095527f8414bfa4fcc36746c8,033667545172ce8804b286054484ebc08a4792d686f0b2df97b413069884975e,same-domain movie entity present in the exact context,FALSE
