task_id	reasoner	status	consistent	entailed	answer_iris	error
6460	structural	ok	true	false	https://kracr.iiitd.edu.in/OWL2Bench#ComedyMovie;https://kracr.iiitd.edu.in/OWL2Bench#HorrorMovie;https://kracr.iiitd.edu.in/OWL2Bench#TableTennis	
1227	structural	ok	true	false		
461	structural	ok	true	false		
465	structural	ok	true	false		
47	structural	ok	true	false		
2728	structural	ok	true	false		
2996	structural	ok	true	false		
2870	structural	ok	true	false		
3028	structural	ok	true	false		
111	structural	ok	true	false		
1115	structural	ok	true	false		
2346	structural	ok	true	false		
355	structural	ok	true	false		
2342	structural	ok	true	false		
2522	structural	ok	true	false		
567	structural	ok	true	false		
897	structural	ok	true	false		
2296	structural	ok	true	false		
1928	structural	ok	true	false		
2216	structural	ok	true	false		
641	structural	ok	true	false		
989	structural	ok	true	false		
2400	structural	ok	true	false		
165	structural	ok	true	false		
347	structural	ok	true	false		
2704	structural	ok	true	false		
823	structural	ok	true	false		
207	structural	ok	true	false		
471	structural	ok	true	false		
2262	structural	ok	true	false		
2778	structural	ok	true	false		
511	structural	ok	true	false		
519	structural	ok	true	false		
2392	structural	ok	true	false		
1892	structural	ok	true	false		
2228	structural	ok	true	false		
335	structural	ok	true	false		
381	structural	ok	true	false		
1992	structural	ok	true	false		
415	structural	ok	true	false		
2326	structural	ok	true	false		
221	structural	ok	true	false		
557	structural	ok	true	false		
443	structural	ok	true	false		
1966	structural	ok	true	false		
3036	structural	ok	true	false		
11	structural	ok	true	false		
1147	structural	ok	true	false		
191	structural	ok	true	false		
2438	structural	ok	true	false		
967	structural	ok	true	false		
2448	structural	ok	true	false		
1155	structural	ok	true	false		
2046	structural	ok	true	false		
2102	structural	ok	true	false		
2324	structural	ok	true	false		
2088	structural	ok	true	false		
9	structural	ok	true	false		
847	structural	ok	true	false		
3108	structural	ok	true	false		
2352	structural	ok	true	false		
85	structural	ok	true	false		
2236	structural	ok	true	false		
2072	structural	ok	true	false		
2848	structural	ok	true	false		
445	structural	ok	true	false		
1890	structural	ok	true	false		
