input_hash,row_count,task_group,task_ids,datasets,root_cause_category,root_cause,principled_correction
00f1e2c6b6b437600a9d66e746f224c23c6b4fd53c64f39791efa1043d3df3a4,2,OEQA,4590;5784,Pizza100;Pizza250,6 OEQA ANSWER-SET COLLISION,"Pizza100 and Pizza250 reuse the same local IRIs and produce the same NL question/context, but denote dataset-specific ontology populations with different answer sets.",Make dataset scope semantically visible only if the intended representation supports it; otherwise remove all indistinguishable dataset-scoped semantic items in the collision group.
153117442841edb4e2d039a70e14765deb1ae38d10ce30993e1757d304a8c4ab,2,OEQA,3699;3700,FamilyOWL,4 ENTITY-LABEL COLLISION,Distinct FamilyOWL subject entities have different formal IRIs but the same human label after the disambiguating suffix is removed; their shared NL context therefore yields the same evaluated input.,Use an ontology-grounded human-readable disambiguator only when one exists; otherwise remove all semantic items sharing the indistinguishable NL surface rather than inventing an identifier.
1fe4c49ebbdc3af806ca8d40668698b042351c75b8831dceb1d88269fe4ca8b5,2,OEQA,4096;5168,Pizza100;Pizza250,6 OEQA ANSWER-SET COLLISION,"Pizza100 and Pizza250 reuse the same local IRIs and produce the same NL question/context, but denote dataset-specific ontology populations with different answer sets.",Make dataset scope semantically visible only if the intended representation supports it; otherwise remove all indistinguishable dataset-scoped semantic items in the collision group.
52751ca28345c1850befe9ce7c38c0b51452950e038ecca207b0c0e0656a71f6,2,BQA,6563;6564,OWL2Bench,5 NEGATIVE-BQA CONSTRUCTION COLLISION,"The positive and negative ASK objects are distinct generated entities, but numeric suffix removal gives them the same NL label; the template contains the object label, but no remaining identity distinction.",Exclude the complete BQA pair whenever positive and negative formal targets have the same collision-normalized NL surface and evaluated context; retain it only if a non-artificial ontology label can distinguish the targets.
97d9481bdd7a39a3f0e632000fb32bb2a376bd04b94453bf40d1291acf08cfb4,3,OEQA,3368;3370;3375,FamilyOWL,4 ENTITY-LABEL COLLISION,Distinct FamilyOWL subject entities have different formal IRIs but the same human label after the disambiguating suffix is removed; their shared NL context therefore yields the same evaluated input.,Use an ontology-grounded human-readable disambiguator only when one exists; otherwise remove all semantic items sharing the indistinguishable NL surface rather than inventing an identifier.
9fb52fd56c164d54a3cb3d31cb33a39b338e0de934122052674d63b73ddf76d1,2,BQA,6395;6396,OWL2Bench,5 NEGATIVE-BQA CONSTRUCTION COLLISION,"The positive and negative ASK objects are distinct generated entities, but numeric suffix removal gives them the same NL label; the template contains the object label, but no remaining identity distinction.",Exclude the complete BQA pair whenever positive and negative formal targets have the same collision-normalized NL surface and evaluated context; retain it only if a non-artificial ontology label can distinguish the targets.
aa984aa19f6905c4ac3b3dbbd4f62d795f686a4dd9b2b306ae56bf711c01c94b,2,OEQA,3460;3461,FamilyOWL,4 ENTITY-LABEL COLLISION,Distinct FamilyOWL subject entities have different formal IRIs but the same human label after the disambiguating suffix is removed; their shared NL context therefore yields the same evaluated input.,Use an ontology-grounded human-readable disambiguator only when one exists; otherwise remove all semantic items sharing the indistinguishable NL surface rather than inventing an identifier.
b264c3dcef1cb1a723c36b329bcddb9fada72bc7bfbb4411b2fce61e79ba4c34,2,BQA,7916;7917,OWL2Bench,5 NEGATIVE-BQA CONSTRUCTION COLLISION,"The positive and negative ASK objects are distinct generated entities, but numeric suffix removal gives them the same NL label; the template contains the object label, but no remaining identity distinction.",Exclude the complete BQA pair whenever positive and negative formal targets have the same collision-normalized NL surface and evaluated context; retain it only if a non-artificial ontology label can distinguish the targets.
cdb998ae49d3ee6d5c6884a6205fd0f2c84110e23c813911d6ce6f2db32e9227,2,BQA,6417;6418,OWL2Bench,5 NEGATIVE-BQA CONSTRUCTION COLLISION,"The positive and negative ASK objects are distinct generated entities, but numeric suffix removal gives them the same NL label; the template contains the object label, but no remaining identity distinction.",Exclude the complete BQA pair whenever positive and negative formal targets have the same collision-normalized NL surface and evaluated context; retain it only if a non-artificial ontology label can distinguish the targets.
